id,session_id,player_id,timestamp,accelerometer_x,accelerometer_y,accelerometer_z,gyroscope_x,gyroscope_y,gyroscope_z,magnetometer_x,magnetometer_y,magnetometer_z,orientation_x,orientation_y,orientation_z,battery_level,created_at
8f53443a-1130-4425-ab57-b642836a1928,a622ed67-7416-4ce4-82ac-df68cd775195,f50b0082-d68f-467e-9784-9f3aaf467fe5,0,-0.21,-0.93,0.92,0.08,0.51,-0.04,45.62,14.5,1.5,-40.52,88.23,-56.87,3747,2025-03-30 15:54:20.952573+00
27dd1396-ba88-4673-a076-635ebd3679e5,a622ed67-7416-4ce4-82ac-df68cd775195,f50b0082-d68f-467e-9784-9f3aaf467fe5,0.1,-0.21,-0.93,0.92,-0.03,0.33,0.03,45.62,14.5,1.5,-107.58,90.53,-124.49,3750,2025-03-30 15:54:20.952573+00
b35c259e-017d-4552-9763-4c7b26ca87e2,a622ed67-7416-4ce4-82ac-df68cd775195,f50b0082-d68f-467e-9784-9f3aaf467fe5,0.2,-0.21,-0.93,0.92,-0.07,-0.01,0.05,45.62,14.5,1.5,-142.46,91.91,-159.25,3751,2025-03-30 15:54:20.952573+00
fdf2e412-0893-4822-bbc2-1296a125041d,a622ed67-7416-4ce4-82ac-df68cd775195,f50b0082-d68f-467e-9784-9f3aaf467fe5,0.3,-0.21,-0.93,0.92,-0.07,0.03,0.03,45.62,14.5,1.5,-139.06,91.36,-155.52,3748,2025-03-30 15:54:20.952573+00
fe8bfbae-1029-4e7b-ba5b-0150574cbc59,a622ed67-7416-4ce4-82ac-df68cd775195,f50b0082-d68f-467e-9784-9f3aaf467fe5,0.4,-0.21,-0.93,0.92,-0.05,0.14,-0.03,45.62,14.5,1.5,-132.05,90.88,-148.13,3748,2025-03-30 15:54:20.952573+00
6dd2759f-74d5-4b6e-8399-3a21f24b421f,a622ed67-7416-4ce4-82ac-df68cd775195,f50b0082-d68f-467e-9784-9f3aaf467fe5,0.5,-0.21,-0.93,0.92,0.11,-0.63,-0.14,45.62,14.5,1.5,-136.92,91.19,-152.69,3750,2025-03-30 15:54:20.952573+00
f5d868c6-1e07-45f8-9886-ea00a40ae2fa,a622ed67-7416-4ce4-82ac-df68cd775195,f50b0082-d68f-467e-9784-9f3aaf467fe5,0.6,-0.21,-0.93,0.92,0.36,-1.36,-0.29,45.62,14.5,1.5,-57.32,88.8,-73.69,3750,2025-03-30 15:54:20.952573+00
731e257c-f199-401c-81ee-45f21f9cb1ba,a622ed67-7416-4ce4-82ac-df68cd775195,f50b0082-d68f-467e-9784-9f3aaf467fe5,0.7,-0.21,-0.93,0.92,0.42,-0.78,-0.56,45.62,14.5,1.5,-24.63,82.55,-42.88,3748,2025-03-30 15:54:20.952573+00
3da9c192-0c50-4d16-b153-6035f03af127,a622ed67-7416-4ce4-82ac-df68cd775195,f50b0082-d68f-467e-9784-9f3aaf467fe5,0.8,-0.21,-0.93,0.92,0.37,-0.21,-0.78,45.62,14.5,1.5,-28.16,78.41,-48.92,3750,2025-03-30 15:54:20.952573+00
d26169c3-bc17-4760-b16d-bc341f897e47,a622ed67-7416-4ce4-82ac-df68cd775195,f50b0082-d68f-467e-9784-9f3aaf467fe5,0.9,-0.21,-0.93,0.92,0.24,0.57,-0.83,45.62,14.5,1.5,-37.84,76.94,-61.15,3748,2025-03-30 15:54:20.952573+00
f74680cf-7d52-4164-91ee-c33f9b785458,a622ed67-7416-4ce4-82ac-df68cd775195,f50b0082-d68f-467e-9784-9f3aaf467fe5,1,-0.21,-0.93,0.92,0.31,0.62,-0.72,45.62,14.5,1.5,-57.19,80.54,-82.77,3748,2025-03-30 15:54:21.060442+00
03f55ba4-84ac-4e68-b9b4-efe9d9386bd1,a622ed67-7416-4ce4-82ac-df68cd775195,f50b0082-d68f-467e-9784-9f3aaf467fe5,1.1,-0.21,-0.93,0.92,0.41,0.29,-0.5,45.62,14.5,1.5,-75.76,85.24,-103.84,3751,2025-03-30 15:54:21.060442+00
9dd88a72-b7a0-48fe-bf2b-5bfd8e6ad7bc,a622ed67-7416-4ce4-82ac-df68cd775195,f50b0082-d68f-467e-9784-9f3aaf467fe5,1.2,-0.21,-0.93,0.92,0.59,-2.24,-0.16,45.62,14.5,1.5,-79.56,86.01,-110.25,3750,2025-03-30 15:54:21.060442+00
3c128249-ab87-41da-a050-bc0f81a2764f,a622ed67-7416-4ce4-82ac-df68cd775195,f50b0082-d68f-467e-9784-9f3aaf467fe5,1.3,-0.02,0.19,1.02,0.58,-2.23,-0.16,45.62,14.5,1.5,-55.47,74.62,-87.62,3748,2025-03-30 15:54:21.060442+00
10bbfb0d-55a7-4ace-8212-ae3c2bcbda6a,a622ed67-7416-4ce4-82ac-df68cd775195,f50b0082-d68f-467e-9784-9f3aaf467fe5,1.4,-0.02,0.19,1.02,0.28,1.84,0.24,45.62,14.5,1.5,-59.06,77.68,-94.97,3748,2025-03-30 15:54:21.060442+00
1f88364f-e285-4826-b8ba-9c2f056ea948,a622ed67-7416-4ce4-82ac-df68cd775195,f50b0082-d68f-467e-9784-9f3aaf467fe5,1.5,1.74,1.09,0.67,0.24,1.98,0.21,45.62,14.5,1.5,-73.16,84.28,-112.04,3747,2025-03-30 15:54:21.060442+00
79148bb1-8bf9-4911-8f09-f95d0d002a68,a622ed67-7416-4ce4-82ac-df68cd775195,f50b0082-d68f-467e-9784-9f3aaf467fe5,1.6,-0.89,0.05,0.99,0.04,0.03,-0.12,45.62,14.5,1.5,-73.14,84.08,-112.33,3745,2025-03-30 15:54:21.060442+00
036ec8ee-7c8e-4fde-9e95-41efac82a6ea,a622ed67-7416-4ce4-82ac-df68cd775195,f50b0082-d68f-467e-9784-9f3aaf467fe5,1.7,1.31,2.27,-0.94,-0.23,1.76,-0.32,45.62,14.5,1.5,-96.54,92.48,-136,3743,2025-03-30 15:54:21.060442+00
5e95e91b-2f91-46e6-b2c5-7df0c3c775a2,a622ed67-7416-4ce4-82ac-df68cd775195,f50b0082-d68f-467e-9784-9f3aaf467fe5,1.8,1.31,2.27,-0.94,-0.36,-0.04,-0.57,29.94,34.56,-0.56,-98.32,93.66,-135.89,3747,2025-03-30 15:54:21.060442+00
5b847de9-bf97-4867-a9f2-ae2f2c0bb48a,a622ed67-7416-4ce4-82ac-df68cd775195,f50b0082-d68f-467e-9784-9f3aaf467fe5,1.9,2.22,-0.64,0.31,-0.47,-1.67,-0.56,29.94,34.56,-0.56,-78.55,84,-111.49,3744,2025-03-30 15:54:21.060442+00
2b53e726-967e-4395-af6e-830a789f8c42,a622ed67-7416-4ce4-82ac-df68cd775195,f50b0082-d68f-467e-9784-9f3aaf467fe5,2,2.22,-0.64,0.31,-0.08,1.57,-0.79,29.94,34.56,-0.56,-78.87,83.18,-108.53,3744,2025-03-30 15:54:21.163993+00
ddc0fba9-9698-4baf-b859-1a81e259f6c6,a622ed67-7416-4ce4-82ac-df68cd775195,f50b0082-d68f-467e-9784-9f3aaf467fe5,2.1,2.22,-0.64,0.31,-0.02,1.51,-0.76,21.5,39.31,1,-90.35,90.25,-121.94,3745,2025-03-30 15:54:21.163993+00
07d3be54-31fc-444b-93f8-7092bf92e672,a622ed67-7416-4ce4-82ac-df68cd775195,f50b0082-d68f-467e-9784-9f3aaf467fe5,2.2,2.22,-0.64,0.31,0.54,-0.06,-0.05,20.88,40.69,-1,-82.06,83.69,-119.12,3747,2025-03-30 15:54:21.163993+00
f07dee41-69b2-416f-8fe3-f0786fa990b4,a622ed67-7416-4ce4-82ac-df68cd775195,f50b0082-d68f-467e-9784-9f3aaf467fe5,2.3,-2.29,-4.06,-3.86,0.54,-0.06,-0.05,20.62,39.25,-2.75,-82.06,83.69,-119.12,3745,2025-03-30 15:54:21.163993+00
114370d7-7631-4fd0-8bde-d875ab9b0b61,a622ed67-7416-4ce4-82ac-df68cd775195,f50b0082-d68f-467e-9784-9f3aaf467fe5,2.4,-2.29,-4.06,-3.86,0.1,-2.55,-0.42,20.62,39.25,-2.75,-66,67.95,-100.08,3747,2025-03-30 15:54:21.163993+00
8a87a6dc-aaf7-40df-a349-4292add30465,a622ed67-7416-4ce4-82ac-df68cd775195,f50b0082-d68f-467e-9784-9f3aaf467fe5,2.5,-2.29,-4.06,-3.86,-0.44,-7.69,-1.52,20.62,39.25,-2.75,-42.46,-3.92,-44.14,3750,2025-03-30 15:54:21.163993+00
cc2fb91b-718e-4825-bdd1-0c3dc511313f,a622ed67-7416-4ce4-82ac-df68cd775195,f50b0082-d68f-467e-9784-9f3aaf467fe5,2.6,5.22,1.12,-4.68,1.26,22.61,-2.39,-32.69,37,0.94,-42.46,-3.92,-44.14,3748,2025-03-30 15:54:21.163993+00
c6b1b029-17c2-4775-bb33-4f587059f36f,a622ed67-7416-4ce4-82ac-df68cd775195,f50b0082-d68f-467e-9784-9f3aaf467fe5,2.7,-5.68,0.95,-5.51,-0.28,14.39,3.01,16.56,28.75,-25.75,-42.46,-3.92,-44.14,3747,2025-03-30 15:54:21.163993+00
fbbab91d-27a0-417d-bed8-24c7d102b434,a622ed67-7416-4ce4-82ac-df68cd775195,f50b0082-d68f-467e-9784-9f3aaf467fe5,2.8,-5.18,3.64,-8.2,-1.12,-4.21,1.58,36.56,20.19,23.62,-42.46,-3.92,-44.14,3745,2025-03-30 15:54:21.163993+00
24dde0d1-9fc2-46d6-aad7-33a5412eb847,a622ed67-7416-4ce4-82ac-df68cd775195,f50b0082-d68f-467e-9784-9f3aaf467fe5,2.9,12.89,10.56,-8.31,-2.08,-3.77,-0.1,46.88,8.69,0.38,-42.46,-3.92,-44.14,3747,2025-03-30 15:54:21.163993+00
34550f39-9b1a-4b5c-b496-21e48c855b07,a622ed67-7416-4ce4-82ac-df68cd775195,f50b0082-d68f-467e-9784-9f3aaf467fe5,3,12.89,10.56,-8.31,-5.06,-1.54,-10.02,46.88,8.69,0.38,14.65,88.51,-51.35,3745,2025-03-30 15:54:21.278084+00
47edc0a4-3098-4f98-8fec-ec975fe7ea33,a622ed67-7416-4ce4-82ac-df68cd775195,f50b0082-d68f-467e-9784-9f3aaf467fe5,3.1,5.5,-36.95,-18.33,-4.52,1.36,-10.08,-25.88,42.88,17.44,14.65,88.51,-51.35,3747,2025-03-30 15:54:21.278084+00
7aa15515-3a2b-41a6-bd3d-f371416d479e,a622ed67-7416-4ce4-82ac-df68cd775195,f50b0082-d68f-467e-9784-9f3aaf467fe5,3.2,5.5,-36.95,-18.33,-2.71,1.21,-3.97,-25.88,42.88,17.44,-120.44,-141.86,-126.18,3745,2025-03-30 15:54:21.278084+00
4e2b632d-d024-4871-9e26-a5ffd30ff93d,a622ed67-7416-4ce4-82ac-df68cd775195,f50b0082-d68f-467e-9784-9f3aaf467fe5,3.3,15.66,-18.03,-3.25,-1.05,2.14,-4.58,-54.75,-0.25,20.19,-120.44,-141.86,-126.18,3748,2025-03-30 15:54:21.278084+00
870edf29-4715-4b12-8a58-7283325a7fed,a622ed67-7416-4ce4-82ac-df68cd775195,f50b0082-d68f-467e-9784-9f3aaf467fe5,3.4,15.66,-18.03,-3.25,0.3,0.11,-1.72,-54.75,-0.25,20.19,178.21,-115.21,-75.7,3748,2025-03-30 15:54:21.278084+00
faa43e1f-2163-40c1-93ff-9ede8b82d4dc,a622ed67-7416-4ce4-82ac-df68cd775195,f50b0082-d68f-467e-9784-9f3aaf467fe5,3.5,15.66,-18.03,-3.25,0.87,-2.04,0.51,-49.75,-16.81,23.94,160.86,-118.25,-54.7,3748,2025-03-30 15:54:21.278084+00
5a9bf2a3-e4e6-48fe-8f28-00aa124d301d,a622ed67-7416-4ce4-82ac-df68cd775195,f50b0082-d68f-467e-9784-9f3aaf467fe5,3.6,15.66,-18.03,-3.25,1.14,-2.03,0.28,-49.75,-16.81,23.94,172.62,-131.1,-63.18,3748,2025-03-30 15:54:21.278084+00
198051d6-6331-473b-a989-fb4e710d5584,a622ed67-7416-4ce4-82ac-df68cd775195,f50b0082-d68f-467e-9784-9f3aaf467fe5,3.7,15.66,-18.03,-3.25,1.02,-0.94,0.03,-49.75,-16.81,23.94,-178.72,-142.91,-66.54,3748,2025-03-30 15:54:21.278084+00
91521d49-b4f5-47a1-9d05-e01278a5ff8c,a622ed67-7416-4ce4-82ac-df68cd775195,f50b0082-d68f-467e-9784-9f3aaf467fe5,3.8,15.66,-18.03,-3.25,1,-1.26,0.83,-49.75,-16.81,23.94,-172.78,-146.81,-66.84,3747,2025-03-30 15:54:21.278084+00
d1504837-3309-4786-97a6-52ef238ceab5,a622ed67-7416-4ce4-82ac-df68cd775195,f50b0082-d68f-467e-9784-9f3aaf467fe5,3.9,15.66,-18.03,-3.25,0.92,-0.12,1.42,-49.75,-16.81,23.94,-164.87,-150.27,-71.37,3745,2025-03-30 15:54:21.278084+00
56ab0b0e-b4ed-4a95-a36e-a28b1091cd67,a622ed67-7416-4ce4-82ac-df68cd775195,f50b0082-d68f-467e-9784-9f3aaf467fe5,4,15.66,-18.03,-3.25,0.3,0.58,1.17,-49.75,-16.81,23.94,-155.62,-150.51,-80.39,3748,2025-03-30 15:54:21.364553+00
1fc52253-2455-4cd8-8eca-bda8ffc25659,a622ed67-7416-4ce4-82ac-df68cd775195,f50b0082-d68f-467e-9784-9f3aaf467fe5,4.1,15.66,-18.03,-3.25,0.19,-0.2,0.72,-49.75,-16.81,23.94,-149.62,-148.84,-88.96,3748,2025-03-30 15:54:21.364553+00
a545d23e-d4e7-46c3-b74f-937960310c0f,a622ed67-7416-4ce4-82ac-df68cd775195,f50b0082-d68f-467e-9784-9f3aaf467fe5,4.2,15.66,-18.03,-3.25,0.19,0.15,0.79,-49.75,-16.81,23.94,-147.37,-149.42,-93.17,3747,2025-03-30 15:54:21.364553+00
53515575-59dc-4b65-bc92-0a958bee8b96,a622ed67-7416-4ce4-82ac-df68cd775195,f50b0082-d68f-467e-9784-9f3aaf467fe5,4.3,15.66,-18.03,-3.25,0.08,-0.31,1.01,-49.75,-16.81,23.94,-144.96,-147.92,-98.6,3748,2025-03-30 15:54:21.364553+00
aa6af796-fd41-4aad-bfb7-f501d4d29c88,a622ed67-7416-4ce4-82ac-df68cd775195,f50b0082-d68f-467e-9784-9f3aaf467fe5,4.4,15.66,-18.03,-3.25,-0.39,-0.16,1.32,-49.75,-16.81,23.94,-142.69,-150.2,-103.89,3747,2025-03-30 15:54:21.364553+00
2f45bf01-968d-44d7-b988-6880d07c07af,a622ed67-7416-4ce4-82ac-df68cd775195,f50b0082-d68f-467e-9784-9f3aaf467fe5,4.5,15.66,-18.03,-3.25,-1.45,-2.33,1.62,-49.75,-16.81,23.94,-143.1,-155.74,-109.98,3750,2025-03-30 15:54:21.364553+00
41aca2b8-fca7-40f5-b550-70fb22b14280,a622ed67-7416-4ce4-82ac-df68cd775195,f50b0082-d68f-467e-9784-9f3aaf467fe5,4.6,15.66,-18.03,-3.25,1.03,-12.23,3.47,-49.75,-16.81,23.94,-150.29,-175.67,-112.76,3750,2025-03-30 15:54:21.364553+00
34827e40-b673-4956-b158-27a396f83715,a622ed67-7416-4ce4-82ac-df68cd775195,f50b0082-d68f-467e-9784-9f3aaf467fe5,4.7,15.66,-18.03,-3.25,2.12,-2.63,-1.81,-49.75,-16.81,23.94,-142.25,134.03,-105.75,3748,2025-03-30 15:54:21.364553+00
e272a551-7f8e-4f3f-a78f-5a55a5735585,a622ed67-7416-4ce4-82ac-df68cd775195,f50b0082-d68f-467e-9784-9f3aaf467fe5,4.8,15.66,-18.03,-3.25,0.18,-17.49,-4.73,-49.75,-16.81,23.94,-102.99,102.71,-67.41,3748,2025-03-30 15:54:21.364553+00
f0ecdfa2-4e1a-4393-9899-6edba14ebb49,a622ed67-7416-4ce4-82ac-df68cd775195,f50b0082-d68f-467e-9784-9f3aaf467fe5,4.9,15.66,-18.03,-3.25,0.37,24.08,-6.71,-49.75,-16.81,23.94,-65.35,1.08,9.25,3747,2025-03-30 15:54:21.364553+00
a2026225-a43c-4184-a396-317213e86c6d,a622ed67-7416-4ce4-82ac-df68cd775195,f50b0082-d68f-467e-9784-9f3aaf467fe5,5,15.66,-18.03,-3.25,1.63,13.06,5.78,-49.75,-16.81,23.94,-68.83,48.44,-116.97,3748,2025-03-30 15:54:25.953228+00
4c605d74-e654-4e23-8467-741f91bcebdb,a622ed67-7416-4ce4-82ac-df68cd775195,f50b0082-d68f-467e-9784-9f3aaf467fe5,5.1,15.66,-18.03,-3.25,-1.97,-1.89,3.14,-49.75,-16.81,23.94,-129.38,120.33,126.93,3747,2025-03-30 15:54:25.953228+00
0b409f1c-d37c-435c-b0d9-7587d53da341,a622ed67-7416-4ce4-82ac-df68cd775195,f50b0082-d68f-467e-9784-9f3aaf467fe5,5.2,15.66,-18.03,-3.25,-2.93,-3.71,1.1,-49.75,-16.81,23.94,-156.81,115.72,105.94,3745,2025-03-30 15:54:25.953228+00
c37c2b3d-483f-4e0d-bcb2-431ccbbe9294,a622ed67-7416-4ce4-82ac-df68cd775195,f50b0082-d68f-467e-9784-9f3aaf467fe5,5.3,15.66,-18.03,-3.25,-5.34,-5.62,-6,-49.75,-16.81,23.94,-175.02,96.32,104.44,3750,2025-03-30 15:54:25.953228+00
b3b7a665-b21a-40c5-b1a6-695601da5a87,a622ed67-7416-4ce4-82ac-df68cd775195,f50b0082-d68f-467e-9784-9f3aaf467fe5,5.4,15.66,-18.03,-3.25,-6.94,0.96,-15.04,-49.75,-16.81,23.94,-83.38,84.57,-132.68,3744,2025-03-30 15:54:25.953228+00
f1c5f0c5-4d89-4943-bae9-7d3f682add1c,a622ed67-7416-4ce4-82ac-df68cd775195,f50b0082-d68f-467e-9784-9f3aaf467fe5,5.5,15.66,-18.03,-3.25,-3.04,1.96,-10.23,-49.75,-16.81,23.94,-128.4,-139.29,-120.31,3747,2025-03-30 15:54:25.953228+00
53388cb0-ad5c-47d8-bb3a-83df26c22d74,a622ed67-7416-4ce4-82ac-df68cd775195,f50b0082-d68f-467e-9784-9f3aaf467fe5,5.6,15.66,-18.03,-3.25,0.17,1.05,-5.19,-49.75,-16.81,23.94,152.29,-116.47,-42.83,3747,2025-03-30 15:54:25.953228+00
059f274a-2383-485f-b35a-86f057639454,a622ed67-7416-4ce4-82ac-df68cd775195,f50b0082-d68f-467e-9784-9f3aaf467fe5,5.7,-4.86,-12.77,-0.09,0.42,0.87,-4.64,-49.75,-16.81,23.94,114.12,-111.92,4.8,3748,2025-03-30 15:54:25.953228+00
e7b32741-aaab-4ea9-aa5b-3b17cb2febba,a622ed67-7416-4ce4-82ac-df68cd775195,f50b0082-d68f-467e-9784-9f3aaf467fe5,5.8,-4.86,-12.77,-0.09,1.88,-1.32,2.36,-49.75,-16.81,23.94,123.91,-120.91,5.54,3747,2025-03-30 15:54:25.953228+00
c185c136-c0c2-49f4-b991-a798cfe9d9f0,a622ed67-7416-4ce4-82ac-df68cd775195,f50b0082-d68f-467e-9784-9f3aaf467fe5,5.9,3.12,1.01,0.1,1.83,-0.63,2.45,-49.75,-16.81,23.94,147.26,-126.21,-12.83,3745,2025-03-30 15:54:25.953228+00
fd8110f2-9c8a-4ae0-8052-318eaa801ef7,a622ed67-7416-4ce4-82ac-df68cd775195,f50b0082-d68f-467e-9784-9f3aaf467fe5,6,1.84,1.2,1.27,1.2,-2.09,2.63,-49.75,-16.81,23.94,173.03,-134.49,-38.95,3743,2025-03-30 15:54:26.057457+00
77925623-51bb-47ce-ba75-7c132b047792,a622ed67-7416-4ce4-82ac-df68cd775195,f50b0082-d68f-467e-9784-9f3aaf467fe5,6.1,3.32,-1.34,3.53,0.64,-1.74,2.15,-49.75,-16.81,23.94,-172,-141.81,-55.94,3745,2025-03-30 15:54:26.057457+00
e44e527d-da11-4f81-8aa9-8ae5d70a9176,a622ed67-7416-4ce4-82ac-df68cd775195,f50b0082-d68f-467e-9784-9f3aaf467fe5,6.2,3.32,-1.34,3.53,0.33,0.07,1.93,-42.06,7.25,43.31,-162.16,-144.27,-69.26,3743,2025-03-30 15:54:26.057457+00
456e7236-47d4-4286-b24a-5851500a4cb4,a622ed67-7416-4ce4-82ac-df68cd775195,f50b0082-d68f-467e-9784-9f3aaf467fe5,6.3,3.32,-1.34,3.53,0.57,-0.14,1.83,-42.06,7.25,43.31,-153.59,-147.82,-80.72,3745,2025-03-30 15:54:26.057457+00
32b4d5f6-af06-414b-81bb-9433a183bf41,a622ed67-7416-4ce4-82ac-df68cd775195,f50b0082-d68f-467e-9784-9f3aaf467fe5,6.4,3.32,-1.34,3.53,0.38,-0.26,1.49,-43.56,19.31,38,-147.16,-149.74,-90.02,3745,2025-03-30 15:54:26.057457+00
a6d1ef63-d334-4485-b193-191622c6e593,a622ed67-7416-4ce4-82ac-df68cd775195,f50b0082-d68f-467e-9784-9f3aaf467fe5,6.5,3.32,-1.34,3.53,-0.05,3.09,0.12,-43.56,19.31,38,-140.82,-136.34,-101.76,3747,2025-03-30 15:54:26.057457+00
c9926a02-515c-4a2d-9626-266e4386a64c,a622ed67-7416-4ce4-82ac-df68cd775195,f50b0082-d68f-467e-9784-9f3aaf467fe5,6.6,3.32,-1.34,3.53,-1.43,0.45,1.04,-43.56,19.31,38,-141.97,-135.5,-111.52,3745,2025-03-30 15:54:26.057457+00
721ddd27-c1e1-4e1f-9b57-0f349d2422ae,a622ed67-7416-4ce4-82ac-df68cd775195,f50b0082-d68f-467e-9784-9f3aaf467fe5,6.7,3.32,-1.34,3.53,-2.12,-0.63,2.58,-43.56,19.31,38,-145.91,-145.31,-125.16,3744,2025-03-30 15:54:26.057457+00
2b0cb092-9b54-4cbe-83c1-2ab39423e23f,a622ed67-7416-4ce4-82ac-df68cd775195,f50b0082-d68f-467e-9784-9f3aaf467fe5,6.8,18.25,7.97,-7.68,1.33,-4.75,0.53,-43.56,19.31,38,-150.6,173.14,-128.83,3744,2025-03-30 15:54:26.057457+00
fa3c0634-25d3-46cb-ba07-3d12130e3c23,a622ed67-7416-4ce4-82ac-df68cd775195,f50b0082-d68f-467e-9784-9f3aaf467fe5,6.9,18.25,7.97,-7.68,0.35,-20.53,-3.69,11.19,31.19,39.94,-150.6,173.14,-128.83,3745,2025-03-30 15:54:26.057457+00
20ada1a0-c648-4ce7-82b6-15d56217e93c,a622ed67-7416-4ce4-82ac-df68cd775195,f50b0082-d68f-467e-9784-9f3aaf467fe5,7,-1.64,4.63,-4.91,-3.32,16.23,-6.68,17.06,40.88,-6.62,-150.6,173.14,-128.83,3745,2025-03-30 15:54:26.158236+00
0cd5e458-88bf-4905-86cb-46b405ab11cf,a622ed67-7416-4ce4-82ac-df68cd775195,f50b0082-d68f-467e-9784-9f3aaf467fe5,7.1,23.18,-12.63,13.06,2.89,28.08,6.02,21.75,37.94,-2,-150.6,173.14,-128.83,3745,2025-03-30 15:54:26.158236+00
08eb72ee-3ab3-4326-aa99-81be5af005d5,a622ed67-7416-4ce4-82ac-df68cd775195,f50b0082-d68f-467e-9784-9f3aaf467fe5,7.2,23.18,-12.63,13.06,-2.95,-4,3.54,37.69,19.5,23.5,-132.24,135.36,121.08,3747,2025-03-30 15:54:26.158236+00
0feba4bf-5810-40ab-8b16-ec1f99e62f12,a622ed67-7416-4ce4-82ac-df68cd775195,f50b0082-d68f-467e-9784-9f3aaf467fe5,7.3,23.18,-12.63,13.06,-3.32,-6.34,1.41,46.44,4.75,6.94,-159.93,123.82,105.73,3747,2025-03-30 15:54:26.158236+00
db00b6af-7fb7-4c9d-83d7-10eed79708f0,a622ed67-7416-4ce4-82ac-df68cd775195,f50b0082-d68f-467e-9784-9f3aaf467fe5,7.4,23.18,-12.63,13.06,-4.62,-4.38,-4.78,45.06,8.62,-11.69,159.85,95.94,84.42,3748,2025-03-30 15:54:26.158236+00
be92db81-38c1-4395-9fe0-f24d5b569a75,a622ed67-7416-4ce4-82ac-df68cd775195,f50b0082-d68f-467e-9784-9f3aaf467fe5,7.5,23.18,-12.63,13.06,-6.24,4.52,-15.06,-0.31,46.19,14.44,-80.87,84.57,-129.18,3748,2025-03-30 15:54:26.158236+00
bc05703e-0b8d-4bcd-b9bb-b92e3f603012,a622ed67-7416-4ce4-82ac-df68cd775195,f50b0082-d68f-467e-9784-9f3aaf467fe5,7.6,23.18,-12.63,13.06,-3.15,3.12,-11.79,-0.31,46.19,14.44,-121.66,-144.09,-129.01,3748,2025-03-30 15:54:26.158236+00
3d8cfb6f-795c-4684-a73f-4359d76829f1,a622ed67-7416-4ce4-82ac-df68cd775195,f50b0082-d68f-467e-9784-9f3aaf467fe5,7.7,23.18,-12.63,13.06,0.18,1.45,-6.95,-0.31,46.19,14.44,149.75,-110.38,-43.72,3745,2025-03-30 15:54:26.158236+00
b5c638ee-590e-4411-a2c6-2a84eb16adac,a622ed67-7416-4ce4-82ac-df68cd775195,f50b0082-d68f-467e-9784-9f3aaf467fe5,7.8,23.18,-12.63,13.06,1.29,0.53,-0.35,-0.31,46.19,14.44,99.22,-101.03,15.9,3747,2025-03-30 15:54:26.158236+00
1d554f48-d065-4f43-b43b-747a50216287,a622ed67-7416-4ce4-82ac-df68cd775195,f50b0082-d68f-467e-9784-9f3aaf467fe5,7.9,23.18,-12.63,13.06,1.28,-3.45,2.82,-0.31,46.19,14.44,103.34,-106.91,20.75,3747,2025-03-30 15:54:26.158236+00
a2055e86-706a-4136-9850-c6f3fb25c084,a622ed67-7416-4ce4-82ac-df68cd775195,f50b0082-d68f-467e-9784-9f3aaf467fe5,8,23.18,-12.63,13.06,1.34,-3.66,3.55,-0.31,46.19,14.44,126.78,-119.91,-3.4,3747,2025-03-30 15:54:26.250842+00
a3be45ed-b1f6-44a6-b06b-565f664bd20d,a622ed67-7416-4ce4-82ac-df68cd775195,f50b0082-d68f-467e-9784-9f3aaf467fe5,8.1,23.18,-12.63,13.06,1.06,-1.39,3.12,-0.31,46.19,14.44,161.55,-134.16,-40.72,3745,2025-03-30 15:54:26.250842+00
291a2e84-310d-4b78-8c98-2bb6b26c13f4,a622ed67-7416-4ce4-82ac-df68cd775195,f50b0082-d68f-467e-9784-9f3aaf467fe5,8.2,23.18,-12.63,13.06,0.5,0.05,2.28,-0.31,46.19,14.44,-176,-142,-65.67,3745,2025-03-30 15:54:26.250842+00
aa866b1d-c63c-4284-b114-84d690d01d4e,a622ed67-7416-4ce4-82ac-df68cd775195,f50b0082-d68f-467e-9784-9f3aaf467fe5,8.3,23.18,-12.63,13.06,0.19,1.25,1.78,-0.31,46.19,14.44,-163.77,-143.86,-81.64,3747,2025-03-30 15:54:26.250842+00
adfeaba9-accb-4f04-9baa-bd3520c77cc6,a622ed67-7416-4ce4-82ac-df68cd775195,f50b0082-d68f-467e-9784-9f3aaf467fe5,8.4,23.18,-12.63,13.06,0.32,1.07,0.68,-0.31,46.19,14.44,-154.69,-140.31,-95.37,3748,2025-03-30 15:54:26.250842+00
5592ea5f-98ee-439c-82d0-666fe00355b8,a622ed67-7416-4ce4-82ac-df68cd775195,f50b0082-d68f-467e-9784-9f3aaf467fe5,8.5,23.18,-12.63,13.06,0.41,0.13,0.4,-0.31,46.19,14.44,-147.67,-134.84,-104.07,3748,2025-03-30 15:54:26.250842+00
1f320fa7-2328-40be-a9a8-b63074d137e8,a622ed67-7416-4ce4-82ac-df68cd775195,f50b0082-d68f-467e-9784-9f3aaf467fe5,8.6,23.18,-12.63,13.06,0.3,0.37,0.54,-0.31,46.19,14.44,-143.02,-133.41,-107.66,3748,2025-03-30 15:54:26.250842+00
9e5bc216-25bc-4a80-9a11-55329e2226ce,a622ed67-7416-4ce4-82ac-df68cd775195,f50b0082-d68f-467e-9784-9f3aaf467fe5,8.7,23.18,-12.63,13.06,0.04,0.08,1.03,-0.31,46.19,14.44,-138.63,-132.85,-111.75,3747,2025-03-30 15:54:26.250842+00
36d2527b-2170-4963-b24c-bb1d04fd1c91,a622ed67-7416-4ce4-82ac-df68cd775195,f50b0082-d68f-467e-9784-9f3aaf467fe5,8.8,23.18,-12.63,13.06,-0.62,-0.41,1.27,-0.31,46.19,14.44,-131.76,-149.24,-120.2,3747,2025-03-30 15:54:26.250842+00
5c47c971-8151-4a63-8985-52b61158b9df,a622ed67-7416-4ce4-82ac-df68cd775195,f50b0082-d68f-467e-9784-9f3aaf467fe5,8.9,23.18,-12.63,13.06,-0.16,-16.01,2.44,-0.31,46.19,14.44,-133.9,-158.34,-124.35,3747,2025-03-30 15:54:26.250842+00
e55bd319-6df2-4c37-8332-a58d736881fc,a622ed67-7416-4ce4-82ac-df68cd775195,f50b0082-d68f-467e-9784-9f3aaf467fe5,9,23.18,-12.63,13.06,1.65,-8.06,-2.44,-0.31,46.19,14.44,-126.22,138.67,-97.33,3747,2025-03-30 15:54:26.293104+00
65fa6345-6b6e-4119-9866-f8976ad329df,a622ed67-7416-4ce4-82ac-df68cd775195,f50b0082-d68f-467e-9784-9f3aaf467fe5,9.1,23.18,-12.63,13.06,-2.68,-12.78,-4.01,-0.31,46.19,14.44,-74.97,62.04,-22.45,3748,2025-03-30 15:54:26.293104+00
2f08c992-0ae6-40e9-b5f0-1928016df21a,a622ed67-7416-4ce4-82ac-df68cd775195,f50b0082-d68f-467e-9784-9f3aaf467fe5,9.2,23.18,-12.63,13.06,4.95,34.75,-3.67,-0.31,46.19,14.44,-75.68,-49.98,14.82,3748,2025-03-30 15:54:26.293104+00
59a98bf8-9cd7-4628-ac27-19d96bd38dd4,a622ed67-7416-4ce4-82ac-df68cd775195,f50b0082-d68f-467e-9784-9f3aaf467fe5,9.3,23.18,-12.63,13.06,-1.49,8.28,5.36,-0.31,46.19,14.44,-77.72,79.11,-152.4,3745,2025-03-30 15:54:26.293104+00
a3d2c698-64ae-4ed8-8b2b-6c61a8200305,a622ed67-7416-4ce4-82ac-df68cd775195,f50b0082-d68f-467e-9784-9f3aaf467fe5,9.4,23.18,-12.63,13.06,-3.07,-3.82,2.54,-0.31,46.19,14.44,-164.75,127.51,105.06,3745,2025-03-30 15:54:26.293104+00
c5e9475e-9459-4423-ac93-0804336fc098,a622ed67-7416-4ce4-82ac-df68cd775195,f50b0082-d68f-467e-9784-9f3aaf467fe5,9.5,23.18,-12.63,13.06,-3.94,-3.5,-1.5,-0.31,46.19,14.44,146.88,108.69,69.52,3748,2025-03-30 15:54:26.293104+00
02f25110-7981-415e-8886-350c7f4ca893,a622ed67-7416-4ce4-82ac-df68cd775195,f50b0082-d68f-467e-9784-9f3aaf467fe5,9.6,23.18,-12.63,13.06,-6.92,2.15,-15.2,-0.31,46.19,14.44,17.14,84.93,-38.66,3747,2025-03-30 15:54:26.293104+00
35d4868e-e0d5-49fd-8c89-201c86720a1d,a622ed67-7416-4ce4-82ac-df68cd775195,f50b0082-d68f-467e-9784-9f3aaf467fe5,9.7,23.18,-12.63,13.06,-5.66,3.29,-11.13,-0.31,46.19,14.44,-110.05,147.7,-125.29,3748,2025-03-30 15:54:26.293104+00
75b9f92a-d291-4683-a6d8-1542b6d1eec5,a622ed67-7416-4ce4-82ac-df68cd775195,f50b0082-d68f-467e-9784-9f3aaf467fe5,9.8,23.18,-12.63,13.06,-1.18,5.35,-7.88,-0.31,46.19,14.44,-155.41,-128.6,-94.87,3748,2025-03-30 15:54:26.293104+00
6e90d7ba-72c2-4c62-b428-6a56ef9e07b6,a622ed67-7416-4ce4-82ac-df68cd775195,f50b0082-d68f-467e-9784-9f3aaf467fe5,9.9,23.18,-12.63,13.06,1.18,1.79,-1.68,-0.31,46.19,14.44,113.41,-102.85,-0.55,3748,2025-03-30 15:54:26.293104+00
f5f94bcd-dcc2-4b8f-8e38-cc470dc8cdcf,a622ed67-7416-4ce4-82ac-df68cd775195,f50b0082-d68f-467e-9784-9f3aaf467fe5,10,-3.93,-4.8,-0.54,1.24,1.69,-1.14,-0.31,46.19,14.44,104.17,-100.66,18.26,3748,2025-03-30 15:54:31.012164+00
c401b6c8-4fd2-4bd8-b236-dfc4e2f2e8f3,a622ed67-7416-4ce4-82ac-df68cd775195,f50b0082-d68f-467e-9784-9f3aaf467fe5,10.1,0.03,-1.11,-0.36,1.66,-1.94,2.32,-0.31,46.19,14.44,133.23,-113.06,-5.62,3745,2025-03-30 15:54:31.012164+00
590c336d-4573-4702-984e-9612dbf1d960,a622ed67-7416-4ce4-82ac-df68cd775195,f50b0082-d68f-467e-9784-9f3aaf467fe5,10.2,2.63,0.76,-0.42,1.44,-0.22,3.03,-0.31,46.19,14.44,172.38,-118.98,-40.59,3744,2025-03-30 15:54:31.012164+00
e4fa59bd-b816-4f63-94cb-7ed463dd5748,a622ed67-7416-4ce4-82ac-df68cd775195,f50b0082-d68f-467e-9784-9f3aaf467fe5,10.3,2.63,0.76,-0.42,0.7,0.92,2.53,-52.94,-4.12,26.56,-159.49,-122.32,-68.5,3744,2025-03-30 15:54:31.012164+00
3c3ca3e0-ecb9-42fa-bb20-40755cd3b02a,a622ed67-7416-4ce4-82ac-df68cd775195,f50b0082-d68f-467e-9784-9f3aaf467fe5,10.4,0.06,4.23,-0.05,-0.05,0.24,1.73,-52.94,-4.12,26.56,-148.19,-125.77,-82.79,3743,2025-03-30 15:54:31.012164+00
5701a569-d927-4414-9912-3c2025c0a302,a622ed67-7416-4ce4-82ac-df68cd775195,f50b0082-d68f-467e-9784-9f3aaf467fe5,10.5,0.06,4.23,-0.05,-0.18,0.28,1.31,-52.56,7.38,26.06,-143.83,-129.3,-90.46,3745,2025-03-30 15:54:31.012164+00
106ea274-2cc2-4ec7-b008-2f9e744e8bcf,a622ed67-7416-4ce4-82ac-df68cd775195,f50b0082-d68f-467e-9784-9f3aaf467fe5,10.6,0.06,4.23,-0.05,0.44,1.99,1.29,-53.75,12.88,15.06,-131.83,-123.28,-104.91,3743,2025-03-30 15:54:31.012164+00
2a9e3db9-7977-40b8-a498-3cff5c8fe50c,a622ed67-7416-4ce4-82ac-df68cd775195,f50b0082-d68f-467e-9784-9f3aaf467fe5,10.7,0.06,4.23,-0.05,0.28,2.95,1.17,-53.75,12.88,15.06,-116.51,-113.26,-123.57,3745,2025-03-30 15:54:31.012164+00
fa7b266c-73eb-4569-ab2f-653b0d766a3d,a622ed67-7416-4ce4-82ac-df68cd775195,f50b0082-d68f-467e-9784-9f3aaf467fe5,10.8,0.06,4.23,-0.05,0.26,-1.78,1.03,-53.75,12.88,15.06,-118.79,-122.33,-118.31,3744,2025-03-30 15:54:31.012164+00
8e72d99f-ed83-488a-a633-46cefac32083,a622ed67-7416-4ce4-82ac-df68cd775195,f50b0082-d68f-467e-9784-9f3aaf467fe5,10.9,0.06,4.23,-0.05,-0.54,-1.89,0.8,-53.75,12.88,15.06,-125.57,-137.43,-111.27,3744,2025-03-30 15:54:31.012164+00
8a877257-84c5-4663-a239-fa46e2fdee67,a622ed67-7416-4ce4-82ac-df68cd775195,f50b0082-d68f-467e-9784-9f3aaf467fe5,11,0.06,4.23,-0.05,0.93,-5.11,2.64,-53.75,12.88,15.06,-140.49,-168.33,-99.36,3744,2025-03-30 15:54:31.167962+00
46e53a37-f8a2-40b5-ba73-163161c9b58a,a622ed67-7416-4ce4-82ac-df68cd775195,f50b0082-d68f-467e-9784-9f3aaf467fe5,11.1,7.21,-29.93,18.73,1.44,19.93,1.54,-14.75,25.69,48.62,-140.49,-168.33,-99.36,3745,2025-03-30 15:54:31.167962+00
0cd202ba-3622-4358-8d44-79a2ce1637e1,a622ed67-7416-4ce4-82ac-df68cd775195,f50b0082-d68f-467e-9784-9f3aaf467fe5,11.2,-7.41,-10.07,6.21,-2.77,12.27,2.32,-40.12,32.19,9.62,-95.45,-97.8,149.81,3744,2025-03-30 15:54:31.167962+00
e6a08974-6619-4a71-beca-23d7faef1c97,a622ed67-7416-4ce4-82ac-df68cd775195,f50b0082-d68f-467e-9784-9f3aaf467fe5,11.3,1.97,0.42,-24.36,-3.32,14.57,-3.69,-13.25,41.12,-11.19,-95.45,-97.8,149.81,3745,2025-03-30 15:54:31.167962+00
67b30a1f-eab2-4dd6-ba9d-f03e1de91597,a622ed67-7416-4ce4-82ac-df68cd775195,f50b0082-d68f-467e-9784-9f3aaf467fe5,11.4,-8.59,-24.13,8.69,3.15,23.01,-4.56,-9.69,45.38,-3,-95.45,-97.8,149.81,3744,2025-03-30 15:54:31.167962+00
b5af268f-0bf3-4d95-a5d7-e1ca0d0756f8,a622ed67-7416-4ce4-82ac-df68cd775195,f50b0082-d68f-467e-9784-9f3aaf467fe5,11.5,-23.31,-10.59,-32.94,1.83,29.46,2.51,28.75,33.75,-4.75,-95.45,-97.8,149.81,3744,2025-03-30 15:54:31.167962+00
c00d1c31-3bcf-4482-b469-f324660ce48d,a622ed67-7416-4ce4-82ac-df68cd775195,f50b0082-d68f-467e-9784-9f3aaf467fe5,11.6,-23.31,-10.59,-32.94,-1.61,-4.34,1.24,17.81,24.5,43.44,-157.51,169.03,116.08,3741,2025-03-30 15:54:31.167962+00
be6a04cc-22f3-4d04-8258-69a4361902c8,a622ed67-7416-4ce4-82ac-df68cd775195,f50b0082-d68f-467e-9784-9f3aaf467fe5,11.7,-23.31,-10.59,-32.94,-2.92,-6.24,0.75,42.19,14.62,18.81,-168.14,152.6,111.24,3747,2025-03-30 15:54:31.167962+00
0237b49e-7a8f-4a49-9027-7fa015c32e69,a622ed67-7416-4ce4-82ac-df68cd775195,f50b0082-d68f-467e-9784-9f3aaf467fe5,11.8,-23.31,-10.59,-32.94,-4.71,-7.46,-5.5,43.12,17.25,-10.06,172.99,111.42,108.89,3745,2025-03-30 15:54:31.167962+00
868fb8a4-6304-4508-8aff-91b1a199e43c,a622ed67-7416-4ce4-82ac-df68cd775195,f50b0082-d68f-467e-9784-9f3aaf467fe5,11.9,-23.31,-10.59,-32.94,-4.88,-1.02,-13.85,43.12,17.25,-10.06,-91.71,91.02,-129.34,3747,2025-03-30 15:54:31.167962+00
49a6fbf2-1bcd-46df-9667-7d07e51e590b,a622ed67-7416-4ce4-82ac-df68cd775195,f50b0082-d68f-467e-9784-9f3aaf467fe5,12,20.87,-21.91,-3.61,-3.14,1.79,-8.51,-49.5,17.62,25.81,-122.01,-153.66,-119.15,3747,2025-03-30 15:54:31.268291+00
8cc53557-b38e-426a-bc3e-e1be28a4f499,a622ed67-7416-4ce4-82ac-df68cd775195,f50b0082-d68f-467e-9784-9f3aaf467fe5,12.1,20.87,-21.91,-3.61,-0.45,2.69,-6.27,-49.5,17.62,25.81,-165.86,-123.63,-79.37,3745,2025-03-30 15:54:31.268291+00
6e1727ab-8429-44fe-af6e-dd66290695cf,a622ed67-7416-4ce4-82ac-df68cd775195,f50b0082-d68f-467e-9784-9f3aaf467fe5,12.2,20.87,-21.91,-3.61,0.44,0.54,-1.14,-49.5,17.62,25.81,126.35,-110.12,-6.62,3747,2025-03-30 15:54:31.268291+00
1b8d007b-3cae-4ea3-8d41-0e4ad1738edc,a622ed67-7416-4ce4-82ac-df68cd775195,f50b0082-d68f-467e-9784-9f3aaf467fe5,12.3,20.87,-21.91,-3.61,0.59,-0.57,1.83,-49.5,17.62,25.81,121.27,-111.37,2.23,3745,2025-03-30 15:54:31.268291+00
7ba1df90-cd33-4aa4-9d9f-fe2444190fef,a622ed67-7416-4ce4-82ac-df68cd775195,f50b0082-d68f-467e-9784-9f3aaf467fe5,12.4,20.87,-21.91,-3.61,0.63,-0.63,2.95,-49.5,17.62,25.81,141.15,-117.6,-18.17,3747,2025-03-30 15:54:31.268291+00
d1acaab1-9cc9-4d5e-8666-52071e3e2eb4,a622ed67-7416-4ce4-82ac-df68cd775195,f50b0082-d68f-467e-9784-9f3aaf467fe5,12.5,20.87,-21.91,-3.61,0.86,-0.81,2.71,-49.5,17.62,25.81,172.48,-126.74,-52.08,3745,2025-03-30 15:54:31.268291+00
0b105562-b4bd-4aaf-b3a5-63eb9cf7be5d,a622ed67-7416-4ce4-82ac-df68cd775195,f50b0082-d68f-467e-9784-9f3aaf467fe5,12.6,20.87,-21.91,-3.61,0.76,0.13,1.93,-49.5,17.62,25.81,-167.27,-140.12,-73.68,3745,2025-03-30 15:54:31.268291+00
2950a95c-b436-4b17-9d8c-0568f43c3498,a622ed67-7416-4ce4-82ac-df68cd775195,f50b0082-d68f-467e-9784-9f3aaf467fe5,12.7,20.87,-21.91,-3.61,0.98,0.81,1.09,-49.5,17.62,25.81,-156.73,-147.96,-84.25,3747,2025-03-30 15:54:31.268291+00
9fe644dd-a2bb-4261-99f4-56b2312f085e,a622ed67-7416-4ce4-82ac-df68cd775195,f50b0082-d68f-467e-9784-9f3aaf467fe5,12.8,20.87,-21.91,-3.61,1.09,-0.19,0.74,-49.5,17.62,25.81,-147.87,-147.85,-91.76,3745,2025-03-30 15:54:31.268291+00
aa4fffd7-3565-462c-951f-71be8e56138f,a622ed67-7416-4ce4-82ac-df68cd775195,f50b0082-d68f-467e-9784-9f3aaf467fe5,12.9,20.87,-21.91,-3.61,0.75,1.3,0.46,-49.5,17.62,25.81,-140.64,-149.17,-94.7,3744,2025-03-30 15:54:31.268291+00
e7ec6f08-e2c2-4a9a-9def-ee000534dbe8,a622ed67-7416-4ce4-82ac-df68cd775195,f50b0082-d68f-467e-9784-9f3aaf467fe5,13,20.87,-21.91,-3.61,0.36,0.97,0.44,-49.5,17.62,25.81,-133.95,-144.94,-99.97,3744,2025-03-30 15:54:31.356999+00
24204bd3-84ee-4b88-9816-785fbd1c683d,a622ed67-7416-4ce4-82ac-df68cd775195,f50b0082-d68f-467e-9784-9f3aaf467fe5,13.1,20.87,-21.91,-3.61,-0.28,0.19,0.84,-49.5,17.62,25.81,-129.68,-142.07,-104.99,3745,2025-03-30 15:54:31.356999+00
79b97113-443f-4eb4-8ad0-ce023902aecc,a622ed67-7416-4ce4-82ac-df68cd775195,f50b0082-d68f-467e-9784-9f3aaf467fe5,13.2,20.87,-21.91,-3.61,-1.1,-0.23,1.16,-49.5,17.62,25.81,-142.74,-150.42,-103.06,3745,2025-03-30 15:54:31.356999+00
0dc28dc9-f699-47e2-88af-70e9519e8554,a622ed67-7416-4ce4-82ac-df68cd775195,f50b0082-d68f-467e-9784-9f3aaf467fe5,13.3,20.87,-21.91,-3.61,0.92,-6.21,5.52,-49.5,17.62,25.81,-147.88,-160.88,-106.02,3747,2025-03-30 15:54:31.356999+00
4f9323c1-0c92-4e4e-9589-75fccb73271e,a622ed67-7416-4ce4-82ac-df68cd775195,f50b0082-d68f-467e-9784-9f3aaf467fe5,13.4,20.87,-21.91,-3.61,2.96,-3.87,-0.96,-49.5,17.62,25.81,-145.66,148.3,-98.87,3744,2025-03-30 15:54:31.356999+00
6b33cd6d-e8f1-45e0-80c3-4cf6d2f099fa,a622ed67-7416-4ce4-82ac-df68cd775195,f50b0082-d68f-467e-9784-9f3aaf467fe5,13.5,20.87,-21.91,-3.61,0.25,-21.57,-4.74,-49.5,17.62,25.81,-110.59,112.52,-67.99,3747,2025-03-30 15:54:31.356999+00
b31e6085-a968-431b-bcbb-aef924ed95f8,a622ed67-7416-4ce4-82ac-df68cd775195,f50b0082-d68f-467e-9784-9f3aaf467fe5,13.6,20.87,-21.91,-3.61,-0.38,28.2,-6.76,-49.5,17.62,25.81,-67.47,-9.3,29.09,3745,2025-03-30 15:54:31.356999+00
d2e1ea5c-6b78-41a2-9374-c9661d629c6a,a622ed67-7416-4ce4-82ac-df68cd775195,f50b0082-d68f-467e-9784-9f3aaf467fe5,13.7,20.87,-21.91,-3.61,0.73,15.52,6.35,-49.5,17.62,25.81,-70.27,50.13,-109.84,3747,2025-03-30 15:54:31.356999+00
70db20d1-cb51-4a56-835c-a2b6efb5aa8c,a622ed67-7416-4ce4-82ac-df68cd775195,f50b0082-d68f-467e-9784-9f3aaf467fe5,13.8,20.87,-21.91,-3.61,-2.63,-2.3,3.38,-49.5,17.62,25.81,-137.49,128.41,128.64,3745,2025-03-30 15:54:31.356999+00
e9a83d4d-7b54-4092-8f5b-4d82c64a2ac3,a622ed67-7416-4ce4-82ac-df68cd775195,f50b0082-d68f-467e-9784-9f3aaf467fe5,13.9,20.87,-21.91,-3.61,-3.62,-3.08,0.44,-49.5,17.62,25.81,-168.14,118.65,108.06,3744,2025-03-30 15:54:31.356999+00
0631f55e-1f75-4bf7-b560-1036a89f0148,a622ed67-7416-4ce4-82ac-df68cd775195,f50b0082-d68f-467e-9784-9f3aaf467fe5,14,20.87,-21.91,-3.61,-6.85,-0.02,-10.98,-49.5,17.62,25.81,172.82,99.39,109.54,3747,2025-03-30 15:54:31.455587+00
6fce980a-6fc9-4932-bf7c-50a96d4dbc6e,a622ed67-7416-4ce4-82ac-df68cd775195,f50b0082-d68f-467e-9784-9f3aaf467fe5,14.1,20.87,-21.91,-3.61,-5.23,1.27,-12.49,-49.5,17.62,25.81,-112.35,121.74,-136.75,3748,2025-03-30 15:54:31.455587+00
c48f6098-9128-44c8-b4dd-4960dc0d783b,a622ed67-7416-4ce4-82ac-df68cd775195,f50b0082-d68f-467e-9784-9f3aaf467fe5,14.2,20.87,-21.91,-3.61,-1.95,1.63,-8.18,-49.5,17.62,25.81,-144.99,-140.97,-98.44,3747,2025-03-30 15:54:31.455587+00
46cf7c18-7e9e-4b46-a074-50e48d1c9f85,a622ed67-7416-4ce4-82ac-df68cd775195,f50b0082-d68f-467e-9784-9f3aaf467fe5,14.3,-0.21,-14.16,4.97,-1.72,2.1,-7.68,-49.5,17.62,25.81,154.36,-121.93,-32.82,3745,2025-03-30 15:54:31.455587+00
6d30428e-4976-49a1-b426-a6da128d1f15,a622ed67-7416-4ce4-82ac-df68cd775195,f50b0082-d68f-467e-9784-9f3aaf467fe5,14.4,-0.21,-14.16,4.97,1.32,-0.56,0.23,-49.5,17.62,25.81,126.86,-117.26,4.54,3743,2025-03-30 15:54:31.455587+00
cb33033b-a44d-4962-84cd-d19ddc5cf87e,a622ed67-7416-4ce4-82ac-df68cd775195,f50b0082-d68f-467e-9784-9f3aaf467fe5,14.5,0.19,-1.39,0.39,1.31,-0.65,0.52,-49.5,17.62,25.81,136.19,-122.25,1.82,3744,2025-03-30 15:54:31.455587+00
c1784108-6765-4159-b66f-cab44c0cab90,a622ed67-7416-4ce4-82ac-df68cd775195,f50b0082-d68f-467e-9784-9f3aaf467fe5,14.6,0.98,1.09,-0.06,0.9,-1.82,2.39,-49.5,17.62,25.81,159.07,-129.68,-21.26,3744,2025-03-30 15:54:31.455587+00
d132a3d9-6c6d-4102-9a95-5daae803918b,a622ed67-7416-4ce4-82ac-df68cd775195,f50b0082-d68f-467e-9784-9f3aaf467fe5,14.7,1.86,2.07,2.15,0.41,-1.88,2.3,-49.5,17.62,25.81,176.97,-138.83,-42.43,3741,2025-03-30 15:54:31.455587+00
a2758920-e875-4d3c-af55-0eabc58729b9,a622ed67-7416-4ce4-82ac-df68cd775195,f50b0082-d68f-467e-9784-9f3aaf467fe5,14.8,1.86,2.07,2.15,0.21,-0.13,1.31,-48,-4.19,36.75,-175.17,-143.81,-52.86,3741,2025-03-30 15:54:31.455587+00
cecb6558-0d88-476c-a888-c8f51a0147aa,a622ed67-7416-4ce4-82ac-df68cd775195,f50b0082-d68f-467e-9784-9f3aaf467fe5,14.9,-2.36,-1.63,1.38,0.34,-0.25,0.93,-48,-4.19,36.75,-169.89,-146.44,-58.98,3741,2025-03-30 15:54:31.455587+00
67f24840-cf01-4c3d-8241-84feb571c6f5,a622ed67-7416-4ce4-82ac-df68cd775195,f50b0082-d68f-467e-9784-9f3aaf467fe5,15,-2.36,-1.63,1.38,0.55,-0.51,1.28,-46.31,9.12,39.12,-161.69,-146.19,-67.01,3743,2025-03-30 15:54:35.941048+00
84c027ed-7b97-490b-ab05-0eb844d74eac,a622ed67-7416-4ce4-82ac-df68cd775195,f50b0082-d68f-467e-9784-9f3aaf467fe5,15.1,-2.36,-1.63,1.38,0.67,-0.73,1.28,-46.31,9.12,39.12,-153.19,-149.68,-74.61,3744,2025-03-30 15:54:35.941048+00
ff229a4a-1b6d-48de-b390-1545d805ded6,a622ed67-7416-4ce4-82ac-df68cd775195,f50b0082-d68f-467e-9784-9f3aaf467fe5,15.2,-2.36,-1.63,1.38,0.15,0.39,1.24,-46.31,9.12,39.12,-147.2,-149.67,-83.55,3741,2025-03-30 15:54:35.941048+00
1f4d045c-4b79-4b2a-8418-e5b6e3d8b06b,a622ed67-7416-4ce4-82ac-df68cd775195,f50b0082-d68f-467e-9784-9f3aaf467fe5,15.3,-2.36,-1.63,1.38,-0.34,-0.12,1.36,-46.31,9.12,39.12,-146.12,-154.61,-90.38,3743,2025-03-30 15:54:35.941048+00
951ee7b2-79fc-4902-ae6f-046a4b7f4e17,a622ed67-7416-4ce4-82ac-df68cd775195,f50b0082-d68f-467e-9784-9f3aaf467fe5,15.4,-2.36,-1.63,1.38,-1.64,-3.4,1.73,-46.31,9.12,39.12,-150.9,-163.7,-96.79,3745,2025-03-30 15:54:35.941048+00
a012f2a5-2758-4fd3-b158-d22b18ba699c,a622ed67-7416-4ce4-82ac-df68cd775195,f50b0082-d68f-467e-9784-9f3aaf467fe5,15.5,1.27,-3.52,4.35,1.24,-8.48,1.06,-23.5,19.69,53.69,-150.9,-163.7,-96.79,3743,2025-03-30 15:54:35.941048+00
b6524892-c6d1-47af-a582-eaad323b1a6f,a622ed67-7416-4ce4-82ac-df68cd775195,f50b0082-d68f-467e-9784-9f3aaf467fe5,15.6,33.51,-18.98,11.23,1.65,-13.76,-4.46,17.69,25.12,39.31,-150.9,-163.7,-96.79,3741,2025-03-30 15:54:35.941048+00
53c8e11d-01c2-438c-8ec0-302307e0b805,a622ed67-7416-4ce4-82ac-df68cd775195,f50b0082-d68f-467e-9784-9f3aaf467fe5,15.7,-4.86,-6.24,-20.94,-3.65,2.91,-5.06,23.88,38.62,-0.94,-58.67,-1.45,33.87,3744,2025-03-30 15:54:35.941048+00
fc45f722-f12f-4197-a2d0-30c560f405ad,a622ed67-7416-4ce4-82ac-df68cd775195,f50b0082-d68f-467e-9784-9f3aaf467fe5,15.8,14.98,10.17,18.62,5.61,27.9,3,-3.06,47,5.44,-58.67,-1.45,33.87,3741,2025-03-30 15:54:35.941048+00
384548bf-6a3d-4033-ae19-7f96e5d8f464,a622ed67-7416-4ce4-82ac-df68cd775195,f50b0082-d68f-467e-9784-9f3aaf467fe5,15.9,14.98,10.17,18.62,-2.16,5.38,4.56,34.88,26.25,20.12,-58.67,-1.45,33.87,3744,2025-03-30 15:54:35.941048+00
04a08570-0177-42f5-8b94-9f31e18a7ea9,a622ed67-7416-4ce4-82ac-df68cd775195,f50b0082-d68f-467e-9784-9f3aaf467fe5,16,14.98,10.17,18.62,-3.16,-3.54,2.39,42.38,9.75,16.12,-154.18,136.81,118.27,3743,2025-03-30 15:54:36.009873+00
270cfbf5-4262-44a1-958b-a67740e8b148,a622ed67-7416-4ce4-82ac-df68cd775195,f50b0082-d68f-467e-9784-9f3aaf467fe5,16.1,14.98,10.17,18.62,-3.6,-4.11,-1.25,42.38,9.75,16.12,176.02,115,103.43,3744,2025-03-30 15:54:36.009873+00
551b19c9-b652-4f48-bad2-6787dc07836f,a622ed67-7416-4ce4-82ac-df68cd775195,f50b0082-d68f-467e-9784-9f3aaf467fe5,16.2,14.98,10.17,18.62,-7.15,1.29,-14.35,42.38,9.75,16.12,-97.22,90.72,-148.1,3745,2025-03-30 15:54:36.009873+00
e433b16d-03ad-45db-bfd9-6c95a7ccc654,a622ed67-7416-4ce4-82ac-df68cd775195,f50b0082-d68f-467e-9784-9f3aaf467fe5,16.3,14.98,10.17,18.62,-5.07,3.63,-10.81,42.38,9.75,16.12,-115.52,158.97,-121.69,3743,2025-03-30 15:54:36.009873+00
3395ea78-f0e1-4ebd-adc9-0f9a325a48ab,a622ed67-7416-4ce4-82ac-df68cd775195,f50b0082-d68f-467e-9784-9f3aaf467fe5,16.4,14.98,10.17,18.62,-1.59,5.15,-7.61,42.38,9.75,16.12,-160.03,-129.38,-86.03,3745,2025-03-30 15:54:36.009873+00
bf1a6e55-b4e4-454d-87c2-55a9e39a55fb,a622ed67-7416-4ce4-82ac-df68cd775195,f50b0082-d68f-467e-9784-9f3aaf467fe5,16.5,14.98,10.17,18.62,1.01,2.24,-2.76,42.38,9.75,16.12,118.7,-107.88,-0.28,3745,2025-03-30 15:54:36.009873+00
3aa6b662-2e96-4b5c-8914-472da0060151,a622ed67-7416-4ce4-82ac-df68cd775195,f50b0082-d68f-467e-9784-9f3aaf467fe5,16.6,14.98,10.17,18.62,1.25,-1.52,1.6,42.38,9.75,16.12,104.78,-104.28,25.04,3744,2025-03-30 15:54:36.009873+00
87debe0c-e456-4b8e-a171-4087be7b7faf,a622ed67-7416-4ce4-82ac-df68cd775195,f50b0082-d68f-467e-9784-9f3aaf467fe5,16.7,14.98,10.17,18.62,1.28,-1.76,2.79,42.38,9.75,16.12,123.23,-115.08,9.6,3744,2025-03-30 15:54:36.009873+00
24e0c753-c063-4197-bdb7-f01c5a173470,a622ed67-7416-4ce4-82ac-df68cd775195,f50b0082-d68f-467e-9784-9f3aaf467fe5,16.8,14.98,10.17,18.62,0.92,-2.99,2.59,42.38,9.75,16.12,152.93,-123.45,-19.66,3745,2025-03-30 15:54:36.009873+00
c8575678-0d30-4bfc-81b1-fe4bfd5072b4,a622ed67-7416-4ce4-82ac-df68cd775195,f50b0082-d68f-467e-9784-9f3aaf467fe5,16.9,14.98,10.17,18.62,0.52,-1.38,1.89,42.38,9.75,16.12,178.37,-134.93,-46.24,3747,2025-03-30 15:54:36.009873+00
bb63ddc4-e3bb-47bd-9a35-d3fe513fc478,a622ed67-7416-4ce4-82ac-df68cd775195,f50b0082-d68f-467e-9784-9f3aaf467fe5,17,14.98,10.17,18.62,0.49,-0.89,1.5,42.38,9.75,16.12,-169.38,-141.55,-60.14,3745,2025-03-30 15:54:36.059774+00
6dc1c60e-842d-4bf9-b9c1-6c0d6d2860ec,a622ed67-7416-4ce4-82ac-df68cd775195,f50b0082-d68f-467e-9784-9f3aaf467fe5,17.1,14.98,10.17,18.62,0.81,-1.28,1.17,42.38,9.75,16.12,-161.4,-147.22,-69,3745,2025-03-30 15:54:36.059774+00
7679b6e7-d6ce-46fc-93b3-c2c5191c467d,a622ed67-7416-4ce4-82ac-df68cd775195,f50b0082-d68f-467e-9784-9f3aaf467fe5,17.2,14.98,10.17,18.62,0.23,1.64,1.12,42.38,9.75,16.12,-154.85,-153.59,-74.17,3745,2025-03-30 15:54:36.059774+00
12b939a4-7842-4eff-8aaa-d1a0f6415cfd,a622ed67-7416-4ce4-82ac-df68cd775195,f50b0082-d68f-467e-9784-9f3aaf467fe5,17.3,14.98,10.17,18.62,0.1,-0.11,1.03,42.38,9.75,16.12,-148.49,-147.06,-85.19,3745,2025-03-30 15:54:36.059774+00
70cdf450-3618-4227-ad98-a52dbb6ae363,a622ed67-7416-4ce4-82ac-df68cd775195,f50b0082-d68f-467e-9784-9f3aaf467fe5,17.4,14.98,10.17,18.62,0.14,0.19,1.12,42.38,9.75,16.12,-144.61,-147.28,-92.29,3745,2025-03-30 15:54:36.059774+00
58e7605b-1591-4373-9a6b-d88aebd53150,a622ed67-7416-4ce4-82ac-df68cd775195,f50b0082-d68f-467e-9784-9f3aaf467fe5,17.5,14.98,10.17,18.62,-0.37,0.41,1.71,42.38,9.75,16.12,-140.65,-148.37,-99.69,3745,2025-03-30 15:54:36.059774+00
5fc723f8-9e09-4003-aa20-209db0f80e7f,a622ed67-7416-4ce4-82ac-df68cd775195,f50b0082-d68f-467e-9784-9f3aaf467fe5,17.6,14.98,10.17,18.62,-1.12,-3.03,1.92,42.38,9.75,16.12,-139.07,-153.35,-109.05,3744,2025-03-30 15:54:36.059774+00
c5ed8e7a-4e4d-4b47-abf1-5247d6e49fc0,a622ed67-7416-4ce4-82ac-df68cd775195,f50b0082-d68f-467e-9784-9f3aaf467fe5,17.7,14.98,10.17,18.62,1.07,-8.85,1.12,42.38,9.75,16.12,-143.04,176.3,-108.45,3745,2025-03-30 15:54:36.059774+00
9ad96c5e-18f1-4236-b563-bda4f7eecd1b,a622ed67-7416-4ce4-82ac-df68cd775195,f50b0082-d68f-467e-9784-9f3aaf467fe5,17.8,14.98,10.17,18.62,0.29,-17.96,-3.54,42.38,9.75,16.12,-113.76,111.47,-64.86,3747,2025-03-30 15:54:36.059774+00
606ca375-2c3b-43f7-b83b-60af30dd6623,a622ed67-7416-4ce4-82ac-df68cd775195,f50b0082-d68f-467e-9784-9f3aaf467fe5,17.9,14.98,10.17,18.62,-2.55,16.13,-6.38,42.38,9.75,16.12,-58.1,17.41,29.24,3747,2025-03-30 15:54:36.059774+00
6b471223-a661-4ac7-b0fc-ea4d86651965,a622ed67-7416-4ce4-82ac-df68cd775195,f50b0082-d68f-467e-9784-9f3aaf467fe5,18,14.98,10.17,18.62,3.08,22.69,5.71,42.38,9.75,16.12,-68.91,30.6,-59.4,3745,2025-03-30 15:54:36.137689+00
a9638d95-a755-48e6-9943-48d3ba933cf9,a622ed67-7416-4ce4-82ac-df68cd775195,f50b0082-d68f-467e-9784-9f3aaf467fe5,18.1,14.98,10.17,18.62,-3.03,-2.12,3.6,42.38,9.75,16.12,-130.24,132.72,143.79,3745,2025-03-30 15:54:36.137689+00
6fd2fe5b-ff2d-4f9f-a083-305e06a3dae1,a622ed67-7416-4ce4-82ac-df68cd775195,f50b0082-d68f-467e-9784-9f3aaf467fe5,18.2,14.98,10.17,18.62,-3.39,-4.88,1.7,42.38,9.75,16.12,-162.3,133.42,115.57,3748,2025-03-30 15:54:36.137689+00
4bcf76ec-8b87-4be2-8a56-8f67ea8a2d6d,a622ed67-7416-4ce4-82ac-df68cd775195,f50b0082-d68f-467e-9784-9f3aaf467fe5,18.3,14.98,10.17,18.62,-4.26,-2.99,-2.64,42.38,9.75,16.12,161.22,107.69,95.76,3744,2025-03-30 15:54:36.137689+00
1468f2a8-6853-48da-9774-a22f8fd067ed,a622ed67-7416-4ce4-82ac-df68cd775195,f50b0082-d68f-467e-9784-9f3aaf467fe5,18.4,14.98,10.17,18.62,-5.13,1.47,-15.29,42.38,9.75,16.12,-100.76,91.99,-141.1,3744,2025-03-30 15:54:36.137689+00
989f19ab-c3ad-4300-836c-16b568a8ea1d,a622ed67-7416-4ce4-82ac-df68cd775195,f50b0082-d68f-467e-9784-9f3aaf467fe5,18.5,14.98,10.17,18.62,-2.93,1.6,-9.24,42.38,9.75,16.12,-119.38,175.52,-119.63,3748,2025-03-30 15:54:36.137689+00
026aee50-46a8-4d49-83a1-99fcabe122de,a622ed67-7416-4ce4-82ac-df68cd775195,f50b0082-d68f-467e-9784-9f3aaf467fe5,18.6,9.37,-21.6,1.45,-2.54,2.08,-9.04,42.38,9.75,16.12,-150.07,-129.72,-87.17,3745,2025-03-30 15:54:36.137689+00
d79114d1-90db-4b62-8345-969c4c67fe77,a622ed67-7416-4ce4-82ac-df68cd775195,f50b0082-d68f-467e-9784-9f3aaf467fe5,18.7,-6.46,-8.94,1.48,-0.92,3.36,-6.79,42.38,9.75,16.12,143.71,-114.4,-15.42,3741,2025-03-30 15:54:36.137689+00
170a3b54-217b-4405-979f-d61cdd20dbe9,a622ed67-7416-4ce4-82ac-df68cd775195,f50b0082-d68f-467e-9784-9f3aaf467fe5,18.8,-1.23,-5.63,-0.17,0.17,0.76,-1.93,42.38,9.75,16.12,124.19,-112.75,8.38,3744,2025-03-30 15:54:36.137689+00
bc64f618-b49d-45ba-ac36-b81073d37b55,a622ed67-7416-4ce4-82ac-df68cd775195,f50b0082-d68f-467e-9784-9f3aaf467fe5,18.9,0.5,0.98,0.77,0.47,-1.39,1.26,42.38,9.75,16.12,137.2,-117.92,-4.51,3743,2025-03-30 15:54:36.137689+00
2247e8fd-4962-4f71-9da0-46285a27726e,a622ed67-7416-4ce4-82ac-df68cd775195,f50b0082-d68f-467e-9784-9f3aaf467fe5,19,0.5,0.98,0.77,0.6,-2.1,2.13,-50.31,-13.31,26.12,161.05,-127.22,-30.09,3744,2025-03-30 15:54:36.182191+00
3160765d-90f3-4b73-9a7a-ce19f9547ddf,a622ed67-7416-4ce4-82ac-df68cd775195,f50b0082-d68f-467e-9784-9f3aaf467fe5,19.1,0.5,0.98,0.77,0.56,-2.39,2.07,-48.69,-4.56,35.5,179.12,-138.11,-50.09,3741,2025-03-30 15:54:36.182191+00
7419e6bf-b2c7-4eca-83f0-c09e553e2fc3,a622ed67-7416-4ce4-82ac-df68cd775195,f50b0082-d68f-467e-9784-9f3aaf467fe5,19.2,0.5,0.98,0.77,0.47,-0.67,1.67,-48.81,3.31,36.56,-170.74,-144.54,-62.18,3741,2025-03-30 15:54:36.182191+00
1bf5fef6-2e5f-4499-922d-c2555e25646b,a622ed67-7416-4ce4-82ac-df68cd775195,f50b0082-d68f-467e-9784-9f3aaf467fe5,19.3,0.5,0.98,0.77,0.24,-0.07,1.61,-48.81,3.31,36.56,-163.34,-147.22,-72.75,3743,2025-03-30 15:54:36.182191+00
9a5d53b2-f3c5-4623-8a75-74ee8f51c8a6,a622ed67-7416-4ce4-82ac-df68cd775195,f50b0082-d68f-467e-9784-9f3aaf467fe5,19.4,0.5,0.98,0.77,0.51,-2.06,1.48,-48.81,3.31,36.56,-158.31,-158.82,-78.51,3744,2025-03-30 15:54:36.182191+00
9dac16be-1aeb-42fb-b643-3054a5d09b9f,a622ed67-7416-4ce4-82ac-df68cd775195,f50b0082-d68f-467e-9784-9f3aaf467fe5,19.5,0.5,0.98,0.77,0.47,1.05,0.74,-48.81,3.31,36.56,-153.51,-156.65,-84.67,3744,2025-03-30 15:54:36.182191+00
0a5238e9-3972-4b4b-a892-77da295507d6,a622ed67-7416-4ce4-82ac-df68cd775195,f50b0082-d68f-467e-9784-9f3aaf467fe5,19.6,-0.73,-0.25,0.69,0.14,0.35,0.34,-48.81,3.31,36.56,-150.34,-154.34,-87.3,3745,2025-03-30 15:54:36.182191+00
31e91510-219e-4bb3-a260-207741800e78,a622ed67-7416-4ce4-82ac-df68cd775195,f50b0082-d68f-467e-9784-9f3aaf467fe5,19.7,-0.73,-0.25,0.69,-0.13,0.29,1.07,-43.94,19.25,37.56,-146.66,-151.65,-93.99,3744,2025-03-30 15:54:36.182191+00
d93e5de2-20fa-4fdf-ace8-aad6f1e2c77e,a622ed67-7416-4ce4-82ac-df68cd775195,f50b0082-d68f-467e-9784-9f3aaf467fe5,19.8,-1.48,1.37,0.75,-1.26,0.7,2.26,-41.81,22.94,34.19,-146.66,-151.65,-93.99,3745,2025-03-30 15:54:36.182191+00
b9a08677-487d-4f01-b9ab-a0ade42232bb,a622ed67-7416-4ce4-82ac-df68cd775195,f50b0082-d68f-467e-9784-9f3aaf467fe5,19.9,-3.96,2.77,-1.03,1.5,-9.79,6.14,-37.56,27.5,38.19,-146.66,-151.65,-93.99,3743,2025-03-30 15:54:36.182191+00
0a3a4f12-85c2-4b73-91e4-8591bc5bd950,a622ed67-7416-4ce4-82ac-df68cd775195,f50b0082-d68f-467e-9784-9f3aaf467fe5,20,47.35,-24.42,-22.39,1.31,-4.83,-1.85,0.56,32.62,39.88,-146.66,-151.65,-93.99,3743,2025-03-30 15:54:40.952149+00
55a00bcd-786b-4b77-8761-7939eb570688,a622ed67-7416-4ce4-82ac-df68cd775195,f50b0082-d68f-467e-9784-9f3aaf467fe5,20.1,7.88,0.29,-8.84,-2.52,-14.49,-3.46,13.62,41.88,-6,-146.66,-151.65,-93.99,3745,2025-03-30 15:54:40.952149+00
3d8254d1-9da1-4c51-8916-135ef2862ef4,a622ed67-7416-4ce4-82ac-df68cd775195,f50b0082-d68f-467e-9784-9f3aaf467fe5,20.2,-16.35,-14,-2.71,2.8,30.29,-5.73,-11.44,44.5,0.81,-60.31,-7.37,29.39,3744,2025-03-30 15:54:40.952149+00
0e7342e9-7bed-44f1-923d-eae0d55f2866,a622ed67-7416-4ce4-82ac-df68cd775195,f50b0082-d68f-467e-9784-9f3aaf467fe5,20.3,-16.35,-14,-2.71,-1.82,14.86,5.63,32.06,31.94,17.56,-87.25,85.84,-134.01,3745,2025-03-30 15:54:40.952149+00
d11236f7-e64f-4c8f-bdb8-347550dff060,a622ed67-7416-4ce4-82ac-df68cd775195,f50b0082-d68f-467e-9784-9f3aaf467fe5,20.4,-16.35,-14,-2.71,-3.31,-4.3,2.88,41.25,12.94,21.38,-148.62,148.09,125.26,3745,2025-03-30 15:54:40.952149+00
b254b7d7-f1c5-4fb6-b521-978ec74f483d,a622ed67-7416-4ce4-82ac-df68cd775195,f50b0082-d68f-467e-9784-9f3aaf467fe5,20.5,-16.35,-14,-2.71,-3.63,-5.43,0.93,47.31,1.5,0.06,-174.96,123.74,115.26,3744,2025-03-30 15:54:40.952149+00
23b52c46-2d07-4570-abf9-78cb619ce853,a622ed67-7416-4ce4-82ac-df68cd775195,f50b0082-d68f-467e-9784-9f3aaf467fe5,20.6,-16.35,-14,-2.71,-6.14,0.55,-9.74,47.31,1.5,0.06,116.6,93.14,65.99,3743,2025-03-30 15:54:40.952149+00
18d8badb-d8a7-487c-b3ce-0a3e80b2ec67,a622ed67-7416-4ce4-82ac-df68cd775195,f50b0082-d68f-467e-9784-9f3aaf467fe5,20.7,-16.35,-14,-2.71,-5,2.66,-11.89,47.31,1.5,0.06,-108.22,109.44,-126.07,3743,2025-03-30 15:54:40.952149+00
040bb2c6-5ef3-497a-9e98-e81a162d0da8,a622ed67-7416-4ce4-82ac-df68cd775195,f50b0082-d68f-467e-9784-9f3aaf467fe5,20.8,-16.35,-14,-2.71,-4.96,2.77,-7,47.31,1.5,0.06,-136.55,-144.55,-102.92,3744,2025-03-30 15:54:40.952149+00
331fec4e-e674-4530-9a69-f6770f74e21f,a622ed67-7416-4ce4-82ac-df68cd775195,f50b0082-d68f-467e-9784-9f3aaf467fe5,20.9,-16.35,-14,-2.71,-1.2,4.63,-4.59,47.31,1.5,0.06,161.38,-122.93,-53.51,3745,2025-03-30 15:54:40.952149+00
b3500e62-bfb3-4de5-a8c0-dfe828f4e663,a622ed67-7416-4ce4-82ac-df68cd775195,f50b0082-d68f-467e-9784-9f3aaf467fe5,21,-16.35,-14,-2.71,0.99,-0.48,0.12,47.31,1.5,0.06,106.13,-102.61,3.65,3745,2025-03-30 15:54:40.993633+00
cde786eb-14d3-4c21-a733-351fc469c255,a622ed67-7416-4ce4-82ac-df68cd775195,f50b0082-d68f-467e-9784-9f3aaf467fe5,21.1,-16.35,-14,-2.71,2.01,-1.36,2.04,47.31,1.5,0.06,114.8,-109.47,-0.42,3743,2025-03-30 15:54:40.993633+00
5d950fce-2135-48d2-a480-a0642e87f9a0,a622ed67-7416-4ce4-82ac-df68cd775195,f50b0082-d68f-467e-9784-9f3aaf467fe5,21.2,-16.35,-14,-2.71,1.7,0.56,1.98,47.31,1.5,0.06,143.28,-121.07,-22.29,3744,2025-03-30 15:54:40.993633+00
576f29cf-bf3c-4ab7-9403-c0bfad690e90,a622ed67-7416-4ce4-82ac-df68cd775195,f50b0082-d68f-467e-9784-9f3aaf467fe5,21.3,-16.35,-14,-2.71,0.65,0.07,1.59,47.31,1.5,0.06,167.92,-121.52,-40.82,3744,2025-03-30 15:54:40.993633+00
b0c0b4b8-91b5-4167-a5a5-c38f9c368606,a622ed67-7416-4ce4-82ac-df68cd775195,f50b0082-d68f-467e-9784-9f3aaf467fe5,21.4,-16.35,-14,-2.71,0.1,-0.26,1.25,47.31,1.5,0.06,-173.54,-121.68,-58.18,3743,2025-03-30 15:54:40.993633+00
af07cd33-b267-460c-96a2-48bdff6fd186,a622ed67-7416-4ce4-82ac-df68cd775195,f50b0082-d68f-467e-9784-9f3aaf467fe5,21.5,-16.35,-14,-2.71,0.26,-0.11,0.99,47.31,1.5,0.06,-161.48,-122.83,-71.3,3744,2025-03-30 15:54:40.993633+00
29c9fcf2-45a3-4d81-95b8-146418eff713,a622ed67-7416-4ce4-82ac-df68cd775195,f50b0082-d68f-467e-9784-9f3aaf467fe5,21.6,-16.35,-14,-2.71,0.63,-0.52,1.09,47.31,1.5,0.06,-149.7,-122.07,-82.74,3747,2025-03-30 15:54:40.993633+00
4168fb6c-c4c9-4aab-beb9-725413850910,a622ed67-7416-4ce4-82ac-df68cd775195,f50b0082-d68f-467e-9784-9f3aaf467fe5,21.7,-16.35,-14,-2.71,0.59,-0.66,0.94,47.31,1.5,0.06,-139.84,-123.26,-90.15,3745,2025-03-30 15:54:40.993633+00
c006b93d-a7f7-411f-960a-3489229c4b6f,a622ed67-7416-4ce4-82ac-df68cd775195,f50b0082-d68f-467e-9784-9f3aaf467fe5,21.8,-16.35,-14,-2.71,-0.04,-0.31,1.07,47.31,1.5,0.06,-132.68,-124.01,-95.8,3747,2025-03-30 15:54:40.993633+00
5a2d38e4-08b5-4420-bfc2-8c81e54d9a5c,a622ed67-7416-4ce4-82ac-df68cd775195,f50b0082-d68f-467e-9784-9f3aaf467fe5,21.9,-16.35,-14,-2.71,-0.31,-0.23,1.21,47.31,1.5,0.06,-128.44,-125.64,-101.99,3745,2025-03-30 15:54:40.993633+00
eec940f0-58b9-4e34-90e2-b9ac9033b528,a622ed67-7416-4ce4-82ac-df68cd775195,f50b0082-d68f-467e-9784-9f3aaf467fe5,22,-16.35,-14,-2.71,-0.89,-0.4,1.36,47.31,1.5,0.06,-127.37,-131.01,-106.65,3744,2025-03-30 15:54:41.048727+00
9656c53f-f715-4501-83b6-d9b8b4a5121f,a622ed67-7416-4ce4-82ac-df68cd775195,f50b0082-d68f-467e-9784-9f3aaf467fe5,22.1,-16.35,-14,-2.71,-0.38,-8.97,4.07,47.31,1.5,0.06,-131.1,-142.61,-109.47,3745,2025-03-30 15:54:41.048727+00
69223b1e-43dc-431f-8e81-951eedd7eac7,a622ed67-7416-4ce4-82ac-df68cd775195,f50b0082-d68f-467e-9784-9f3aaf467fe5,22.2,-16.35,-14,-2.71,2.32,-8.04,-1.73,47.31,1.5,0.06,-126.19,137.91,-76.3,3744,2025-03-30 15:54:41.048727+00
b4d5dbf2-1625-4caa-8583-048c748cbad0,a622ed67-7416-4ce4-82ac-df68cd775195,f50b0082-d68f-467e-9784-9f3aaf467fe5,22.3,-16.35,-14,-2.71,-1.86,-13.29,-3.72,47.31,1.5,0.06,-80.06,72.9,-15.49,3747,2025-03-30 15:54:41.048727+00
c84d79e4-edcf-4c1d-9645-ef5ffdcfee2c,a622ed67-7416-4ce4-82ac-df68cd775195,f50b0082-d68f-467e-9784-9f3aaf467fe5,22.4,-16.35,-14,-2.71,4.44,34.75,-3.01,47.31,1.5,0.06,-73.14,-30.32,23.55,3745,2025-03-30 15:54:41.048727+00
7e10565d-e58e-4812-90b6-1f3bccb7fed0,a622ed67-7416-4ce4-82ac-df68cd775195,f50b0082-d68f-467e-9784-9f3aaf467fe5,22.5,-16.35,-14,-2.71,-2.1,9.32,4.95,47.31,1.5,0.06,-86.8,86.03,-147.59,3747,2025-03-30 15:54:41.048727+00
7cc93e61-5eab-4184-983b-25c11f5ea1d9,a622ed67-7416-4ce4-82ac-df68cd775195,f50b0082-d68f-467e-9784-9f3aaf467fe5,22.6,-16.35,-14,-2.71,-3.27,-3.4,2.61,47.31,1.5,0.06,-150.72,134.3,127.38,3745,2025-03-30 15:54:41.048727+00
2f6f49e7-6cbc-418c-92d7-fa1c846d19aa,a622ed67-7416-4ce4-82ac-df68cd775195,f50b0082-d68f-467e-9784-9f3aaf467fe5,22.7,-16.35,-14,-2.71,-3.88,-3.4,-0.12,47.31,1.5,0.06,178.02,113.48,111.66,3745,2025-03-30 15:54:41.048727+00
62c730a1-1102-4aa7-b5b9-b3f290d98de4,a622ed67-7416-4ce4-82ac-df68cd775195,f50b0082-d68f-467e-9784-9f3aaf467fe5,22.8,-16.35,-14,-2.71,-6.73,2.33,-13.02,47.31,1.5,0.06,32.86,89.4,-11.95,3745,2025-03-30 15:54:41.048727+00
905e38e4-6ccf-4671-b401-67410badcf68,a622ed67-7416-4ce4-82ac-df68cd775195,f50b0082-d68f-467e-9784-9f3aaf467fe5,22.9,-16.35,-14,-2.71,-4.63,3.32,-10.6,47.31,1.5,0.06,-108.38,129.12,-116.63,3745,2025-03-30 15:54:41.048727+00
5a553d85-45fb-4538-92de-0416a25febd4,a622ed67-7416-4ce4-82ac-df68cd775195,f50b0082-d68f-467e-9784-9f3aaf467fe5,23,16.16,-21.87,-2.39,-4.1,4.25,-9.99,47.31,1.5,0.06,-136.76,-130.24,-94.9,3744,2025-03-30 15:54:41.152009+00
a0da281f-f029-4004-baf6-cc89284b2c34,a622ed67-7416-4ce4-82ac-df68cd775195,f50b0082-d68f-467e-9784-9f3aaf467fe5,23.1,-2.04,-16.59,-1.55,-2.36,2.91,-6.62,47.31,1.5,0.06,158.74,-113.45,-34.56,3747,2025-03-30 15:54:41.152009+00
43723196-a4be-4f85-a056-e048a9b5a0b1,a622ed67-7416-4ce4-82ac-df68cd775195,f50b0082-d68f-467e-9784-9f3aaf467fe5,23.2,-8.16,-7.7,-1.27,0.13,2.54,-4.12,47.31,1.5,0.06,109.39,-103.34,20.16,3744,2025-03-30 15:54:41.152009+00
7a01bdc1-65a0-490d-a9dc-da5983f0cfd6,a622ed67-7416-4ce4-82ac-df68cd775195,f50b0082-d68f-467e-9784-9f3aaf467fe5,23.3,-1.69,-1.52,-2.12,0.88,-0.15,0.54,47.31,1.5,0.06,114.42,-106.52,19.88,3744,2025-03-30 15:54:41.152009+00
3aa95992-dfe7-4105-9f3a-ee34c739c611,a622ed67-7416-4ce4-82ac-df68cd775195,f50b0082-d68f-467e-9784-9f3aaf467fe5,23.4,5.19,0.5,1.04,0.74,-1.21,2.44,47.31,1.5,0.06,141.45,-114.58,-6.91,3740,2025-03-30 15:54:41.152009+00
b4aee868-1b7d-47b5-b3de-296df96f3cd9,a622ed67-7416-4ce4-82ac-df68cd775195,f50b0082-d68f-467e-9784-9f3aaf467fe5,23.5,5.19,0.5,1.04,0.53,-1.03,2.27,-53.88,-8.94,22.69,170.08,-121.6,-36.83,3744,2025-03-30 15:54:41.152009+00
de3e49f2-75f2-43e6-ad94-e4ae8866a509,a622ed67-7416-4ce4-82ac-df68cd775195,f50b0082-d68f-467e-9784-9f3aaf467fe5,23.6,5.19,0.5,1.04,0.3,0.18,1.73,-53.88,-8.94,22.69,-172.55,-123.76,-55.88,3741,2025-03-30 15:54:41.152009+00
622243d9-fbb9-4a14-a0e7-777b0e3e75a4,a622ed67-7416-4ce4-82ac-df68cd775195,f50b0082-d68f-467e-9784-9f3aaf467fe5,23.7,5.19,0.5,1.04,0.42,-1.43,1.21,-53.88,-8.94,22.69,-163.06,-131.03,-65.1,3743,2025-03-30 15:54:41.152009+00
ef7005e5-dc2e-48a6-b1cc-24c8b99cc285,a622ed67-7416-4ce4-82ac-df68cd775195,f50b0082-d68f-467e-9784-9f3aaf467fe5,23.8,5.19,0.5,1.04,0.71,-0.83,0.91,-53.88,-8.94,22.69,-155.79,-135.68,-70.07,3744,2025-03-30 15:54:41.152009+00
7b66ec5d-a9e6-4d68-a157-af605f34c92e,a622ed67-7416-4ce4-82ac-df68cd775195,f50b0082-d68f-467e-9784-9f3aaf467fe5,23.9,5.19,0.5,1.04,0.79,0.8,0.9,-53.88,-8.94,22.69,-146.3,-133.55,-77.76,3744,2025-03-30 15:54:41.152009+00
6c5ac0b1-8135-477b-9d06-1cc5dd0e92f8,a622ed67-7416-4ce4-82ac-df68cd775195,f50b0082-d68f-467e-9784-9f3aaf467fe5,24,5.19,0.5,1.04,0.09,-0.15,1.18,-53.88,-8.94,22.69,-134.07,-126.54,-92.09,3743,2025-03-30 15:54:41.240795+00
e52055b5-c4ec-492b-b9ff-d182db93061b,a622ed67-7416-4ce4-82ac-df68cd775195,f50b0082-d68f-467e-9784-9f3aaf467fe5,24.1,-0.36,1.2,-0.28,-0.11,0.11,1.28,-47.12,22,24,-134.07,-126.54,-92.09,3745,2025-03-30 15:54:41.240795+00
12ea1324-3e25-4e6a-8e13-99a9d926ac27,a622ed67-7416-4ce4-82ac-df68cd775195,f50b0082-d68f-467e-9784-9f3aaf467fe5,24.2,-1.92,2.82,-0.21,-0.98,-1.02,1.55,-44.81,27.06,22.75,-134.07,-126.54,-92.09,3744,2025-03-30 15:54:41.240795+00
6ad95314-8b20-4a85-bf59-d90c60529b4b,a622ed67-7416-4ce4-82ac-df68cd775195,f50b0082-d68f-467e-9784-9f3aaf467fe5,24.3,-0.8,1.61,0.63,1.19,-7.18,4.38,-40.19,31,27.62,-134.07,-126.54,-92.09,3744,2025-03-30 15:54:41.240795+00
fc797618-67e5-4852-a232-5fca1ef2c2e1,a622ed67-7416-4ce4-82ac-df68cd775195,f50b0082-d68f-467e-9784-9f3aaf467fe5,24.4,-34.3,1.05,32.74,3.44,-5.22,-1.2,3.62,43.75,24.06,-134.07,-126.54,-92.09,3744,2025-03-30 15:54:41.240795+00
bd0638c5-601f-4d53-9611-a58e927309ff,a622ed67-7416-4ce4-82ac-df68cd775195,f50b0082-d68f-467e-9784-9f3aaf467fe5,24.5,-34.3,1.05,32.74,-1.16,-14.81,-3.3,3.62,43.75,24.06,-78.62,65.66,-27.93,3744,2025-03-30 15:54:41.240795+00
2848fee0-c6b1-4e89-9868-e0499d823346,a622ed67-7416-4ce4-82ac-df68cd775195,f50b0082-d68f-467e-9784-9f3aaf467fe5,24.6,-8.51,17.71,-3.91,3.23,34.54,-2.98,-17.75,40.75,-12.25,-78.62,65.66,-27.93,3744,2025-03-30 15:54:41.240795+00
6f069d0d-c0bf-4ff8-89cb-136bc350e6de,a622ed67-7416-4ce4-82ac-df68cd775195,f50b0082-d68f-467e-9784-9f3aaf467fe5,24.7,-8.51,17.71,-3.91,-2.63,10.83,4.17,34.25,26.38,24.31,-87.56,87.45,-144.69,3747,2025-03-30 15:54:41.240795+00
7c9fcd7c-01ac-47eb-88b4-9c8a50c89939,a622ed67-7416-4ce4-82ac-df68cd775195,f50b0082-d68f-467e-9784-9f3aaf467fe5,24.8,-8.51,17.71,-3.91,-3.12,-4.6,2.35,34.25,26.38,24.31,-155.71,142.04,128.08,3744,2025-03-30 15:54:41.240795+00
d051396f-7ff0-414c-aa46-ba76c0a03e7c,a622ed67-7416-4ce4-82ac-df68cd775195,f50b0082-d68f-467e-9784-9f3aaf467fe5,24.9,-8.51,17.71,-3.91,-3.74,-4.04,-0.95,34.25,26.38,24.31,177.4,114.71,117.61,3745,2025-03-30 15:54:41.240795+00
18e9ef13-3ff2-48d7-81e9-fec2649a4605,a622ed67-7416-4ce4-82ac-df68cd775195,f50b0082-d68f-467e-9784-9f3aaf467fe5,25,-8.51,17.71,-3.91,-5.52,2.04,-14,34.25,26.38,24.31,-127.39,93.14,-165.81,3744,2025-03-30 15:54:45.957668+00
e92d3bf8-e40f-4154-9c4e-a0bd556b1c26,a622ed67-7416-4ce4-82ac-df68cd775195,f50b0082-d68f-467e-9784-9f3aaf467fe5,25.1,-8.51,17.71,-3.91,-1.98,2.35,-11.12,34.25,26.38,24.31,-113.35,153.64,-120.17,3745,2025-03-30 15:54:45.957668+00
335545e3-4d96-47a4-84cc-fc5b5454419b,a622ed67-7416-4ce4-82ac-df68cd775195,f50b0082-d68f-467e-9784-9f3aaf467fe5,25.2,-8.51,17.71,-3.91,-0.85,3.19,-7.7,34.25,26.38,24.31,-138.2,-120.82,-92.54,3745,2025-03-30 15:54:45.957668+00
abb68cfc-aa9f-4525-9cf8-a76c15d2e2c3,a622ed67-7416-4ce4-82ac-df68cd775195,f50b0082-d68f-467e-9784-9f3aaf467fe5,25.3,-8.51,17.71,-3.91,-0.16,1.29,-3.56,34.25,26.38,24.31,125.31,-103.38,5.58,3744,2025-03-30 15:54:45.957668+00
b5e54bcf-d4f7-4c7b-bdbb-f23e0ca7fa11,a622ed67-7416-4ce4-82ac-df68cd775195,f50b0082-d68f-467e-9784-9f3aaf467fe5,25.4,-8.51,17.71,-3.91,0.23,-0.11,0.07,34.25,26.38,24.31,98.67,-96.96,34.86,3741,2025-03-30 15:54:45.957668+00
6b662b65-7a4d-46f1-94ed-fd1dd4d94328,a622ed67-7416-4ce4-82ac-df68cd775195,f50b0082-d68f-467e-9784-9f3aaf467fe5,25.5,-8.51,17.71,-3.91,0.2,-2.31,2.1,34.25,26.38,24.31,99.84,-97.92,34.78,3744,2025-03-30 15:54:45.957668+00
d718efa9-11a1-48dd-ac49-065127a16479,a622ed67-7416-4ce4-82ac-df68cd775195,f50b0082-d68f-467e-9784-9f3aaf467fe5,25.6,-8.51,17.71,-3.91,0.52,-1.87,2.63,34.25,26.38,24.31,122.32,-108.61,8.94,3745,2025-03-30 15:54:45.957668+00
f8d3cca0-f9c4-4368-8ad0-4f2ea47b1e75,a622ed67-7416-4ce4-82ac-df68cd775195,f50b0082-d68f-467e-9784-9f3aaf467fe5,25.7,-8.51,17.71,-3.91,0.88,-1.77,2.19,34.25,26.38,24.31,156.87,-119.67,-27.57,3745,2025-03-30 15:54:45.957668+00
47b22c29-dc63-497d-a161-39f4d43b0735,a622ed67-7416-4ce4-82ac-df68cd775195,f50b0082-d68f-467e-9784-9f3aaf467fe5,25.8,-8.51,17.71,-3.91,0.87,-1.56,1.48,34.25,26.38,24.31,-178.43,-131.95,-51.9,3745,2025-03-30 15:54:45.957668+00
8231c82f-71f8-48ec-9b8b-2bbf944dd537,a622ed67-7416-4ce4-82ac-df68cd775195,f50b0082-d68f-467e-9784-9f3aaf467fe5,25.9,-8.51,17.71,-3.91,0.95,-0.38,1.15,34.25,26.38,24.31,-166.55,-142.28,-61.78,3743,2025-03-30 15:54:45.957668+00
a27a7865-d43c-46f8-abf0-56507db6e79d,a622ed67-7416-4ce4-82ac-df68cd775195,f50b0082-d68f-467e-9784-9f3aaf467fe5,26,-8.51,17.71,-3.91,0.75,1.54,0.93,34.25,26.38,24.31,-157.54,-146.57,-68.04,3745,2025-03-30 15:54:46.057002+00
c2ffcebf-537b-4f21-ae43-1882602f27d7,a622ed67-7416-4ce4-82ac-df68cd775195,f50b0082-d68f-467e-9784-9f3aaf467fe5,26.1,-8.51,17.71,-3.91,0.47,-0.48,0.88,34.25,26.38,24.31,-148.87,-142.74,-76.3,3744,2025-03-30 15:54:46.057002+00
c5a5befd-3831-4783-a54f-c2b8feea23ba,a622ed67-7416-4ce4-82ac-df68cd775195,f50b0082-d68f-467e-9784-9f3aaf467fe5,26.2,-8.51,17.71,-3.91,0.06,-0.38,0.96,34.25,26.38,24.31,-144.06,-145.18,-80.65,3747,2025-03-30 15:54:46.057002+00
f96a2c15-2b74-43d3-a6a3-49351d322944,a622ed67-7416-4ce4-82ac-df68cd775195,f50b0082-d68f-467e-9784-9f3aaf467fe5,26.3,-8.51,17.71,-3.91,-0.53,-0.37,1.43,34.25,26.38,24.31,-141.58,-148.55,-85.3,3747,2025-03-30 15:54:46.057002+00
e437c5bb-f5f9-4585-b90f-8d761a2d9d00,a622ed67-7416-4ce4-82ac-df68cd775195,f50b0082-d68f-467e-9784-9f3aaf467fe5,26.4,-8.51,17.71,-3.91,-1.57,-0.64,2.12,34.25,26.38,24.31,-141.74,-153.29,-93.16,3744,2025-03-30 15:54:46.057002+00
c40e5792-3cce-464e-9acb-91740f81cdc7,a622ed67-7416-4ce4-82ac-df68cd775195,f50b0082-d68f-467e-9784-9f3aaf467fe5,26.5,-8.51,17.71,-3.91,1.13,-9.8,4.12,34.25,26.38,24.31,-148.51,-171.68,-98.14,3745,2025-03-30 15:54:46.057002+00
9eca0919-bb7d-4a97-b76b-0d67a9e755bd,a622ed67-7416-4ce4-82ac-df68cd775195,f50b0082-d68f-467e-9784-9f3aaf467fe5,26.6,-8.51,17.71,-3.91,2.65,-8.92,-2.7,34.25,26.38,24.31,-126.22,131.85,-55.73,3745,2025-03-30 15:54:46.057002+00
7f009645-34a5-459d-90b0-2f3443bcf0ac,a622ed67-7416-4ce4-82ac-df68cd775195,f50b0082-d68f-467e-9784-9f3aaf467fe5,26.7,-8.51,17.71,-3.91,-3.22,-8.46,-3.96,34.25,26.38,24.31,-75.79,62.95,13.89,3743,2025-03-30 15:54:46.057002+00
2e2f7b6b-cc65-4c51-8aba-2b055860ac5f,a622ed67-7416-4ce4-82ac-df68cd775195,f50b0082-d68f-467e-9784-9f3aaf467fe5,26.8,-8.51,17.71,-3.91,5.09,34.75,-2.26,34.25,26.38,24.31,-76.07,-48.58,41.69,3747,2025-03-30 15:54:46.057002+00
94184d66-c9af-4635-91d0-ce69b9906d11,a622ed67-7416-4ce4-82ac-df68cd775195,f50b0082-d68f-467e-9784-9f3aaf467fe5,26.9,-8.51,17.71,-3.91,-3.53,7.65,4.29,34.25,26.38,24.31,-87.36,87.55,-131.39,3748,2025-03-30 15:54:46.057002+00
9217aeb4-179a-43cc-a05b-81507d04ea3a,a622ed67-7416-4ce4-82ac-df68cd775195,f50b0082-d68f-467e-9784-9f3aaf467fe5,27,-8.51,17.71,-3.91,-3.68,-4.17,2.66,34.25,26.38,24.31,-162.72,129.63,145.06,3747,2025-03-30 15:54:46.138322+00
eda579c7-be07-4e77-9120-dbbca03b0d4d,a622ed67-7416-4ce4-82ac-df68cd775195,f50b0082-d68f-467e-9784-9f3aaf467fe5,27.1,39.96,5.5,-9.94,-3.71,-4.1,2.47,34.25,26.38,24.31,133.38,100.03,98.09,3744,2025-03-30 15:54:46.138322+00
c09aeea9-c847-4ea7-8dc4-84ffb955d364,a622ed67-7416-4ce4-82ac-df68cd775195,f50b0082-d68f-467e-9784-9f3aaf467fe5,27.2,39.96,5.5,-9.94,-7.37,3.78,-14.85,34.25,26.38,24.31,-2.92,75.52,-14.39,3745,2025-03-30 15:54:46.138322+00
e2425e41-99aa-4f1f-89f0-28c34465fef9,a622ed67-7416-4ce4-82ac-df68cd775195,f50b0082-d68f-467e-9784-9f3aaf467fe5,27.3,28.57,-46.18,-13.89,-7.02,3.16,-15.78,34.25,26.38,24.31,-105.53,152.82,-80.73,3744,2025-03-30 15:54:46.138322+00
c7d89366-a98b-434e-8abe-afdc51cbbd27,a622ed67-7416-4ce4-82ac-df68cd775195,f50b0082-d68f-467e-9784-9f3aaf467fe5,27.4,10.81,-25.73,-4.95,-4.75,3.16,-11.39,34.25,26.38,24.31,-153.31,-119.9,-49.44,3743,2025-03-30 15:54:46.138322+00
9d94a6d9-2c91-4c52-8167-357c653cdd95,a622ed67-7416-4ce4-82ac-df68cd775195,f50b0082-d68f-467e-9784-9f3aaf467fe5,27.5,-0.38,-15.65,-4.3,-0.33,4.87,-7.69,34.25,26.38,24.31,92.72,-91.72,66.42,3743,2025-03-30 15:54:46.138322+00
ac65bbcc-d779-41d2-8f95-50f578448d71,a622ed67-7416-4ce4-82ac-df68cd775195,f50b0082-d68f-467e-9784-9f3aaf467fe5,27.6,-0.38,-15.65,-4.3,1.76,1.41,-2.1,-28,-39.44,5.69,88.48,-88.27,82.89,3743,2025-03-30 15:54:46.138322+00
463e4c63-b232-490f-838b-0339fd671c15,a622ed67-7416-4ce4-82ac-df68cd775195,f50b0082-d68f-467e-9784-9f3aaf467fe5,27.7,-3.4,-2.11,-3.58,1.39,-0.66,2.04,-28,-39.44,5.69,102.29,-100.01,75.14,3741,2025-03-30 15:54:46.138322+00
ef0733ca-b6b7-465f-b535-bfc7520da9e4,a622ed67-7416-4ce4-82ac-df68cd775195,f50b0082-d68f-467e-9784-9f3aaf467fe5,27.8,-3.4,-2.11,-3.58,0.69,-1.4,3.16,-47.56,-20.31,19.38,126.14,-105.97,52.56,3743,2025-03-30 15:54:46.138322+00
86e956aa-3003-4eda-a5a4-4462cd8a1668,a622ed67-7416-4ce4-82ac-df68cd775195,f50b0082-d68f-467e-9784-9f3aaf467fe5,27.9,-3.4,-2.11,-3.58,0.05,-1.73,3.07,-47.56,-20.31,19.38,170.43,-111.86,5.75,3744,2025-03-30 15:54:46.138322+00
760c6561-2c19-4632-b9a9-1a67892f8a14,a622ed67-7416-4ce4-82ac-df68cd775195,f50b0082-d68f-467e-9784-9f3aaf467fe5,28,-3.4,-2.11,-3.58,-0.02,-2.23,2.56,-47.56,-20.31,19.38,-162.57,-122.93,-24.46,3741,2025-03-30 15:54:46.184394+00
ef2ad9be-f063-47d6-8db4-aa3430c8295b,a622ed67-7416-4ce4-82ac-df68cd775195,f50b0082-d68f-467e-9784-9f3aaf467fe5,28.1,-3.4,-2.11,-3.58,0.24,-0.41,1.74,-47.56,-20.31,19.38,-150.67,-127.32,-37.96,3743,2025-03-30 15:54:46.184394+00
c8a308d5-7620-4c48-8ef9-15b09bee8763,a622ed67-7416-4ce4-82ac-df68cd775195,f50b0082-d68f-467e-9784-9f3aaf467fe5,28.2,-3.4,-2.11,-3.58,0.56,-1.16,1.5,-47.56,-20.31,19.38,-143.5,-134.06,-44.08,3743,2025-03-30 15:54:46.184394+00
6e8567e9-de6e-4882-902a-cdf769dfb19e,a622ed67-7416-4ce4-82ac-df68cd775195,f50b0082-d68f-467e-9784-9f3aaf467fe5,28.3,-3.4,-2.11,-3.58,-0.36,-0.2,1.01,-47.56,-20.31,19.38,-136.73,-135.16,-52.87,3743,2025-03-30 15:54:46.184394+00
001331b2-3cf5-4f34-b425-62ae477ea250,a622ed67-7416-4ce4-82ac-df68cd775195,f50b0082-d68f-467e-9784-9f3aaf467fe5,28.4,-0.02,4.4,-1.76,-1.58,-0.47,1.52,-43.56,21,37.12,-136.73,-135.16,-52.87,3744,2025-03-30 15:54:46.184394+00
136f7bb4-7162-4d62-9847-eda5b880eeeb,a622ed67-7416-4ce4-82ac-df68cd775195,f50b0082-d68f-467e-9784-9f3aaf467fe5,28.5,-2.33,0.81,-1.65,-2.19,-2.85,2.33,-39.38,21.12,42.38,-148.81,-162.98,-65.25,3744,2025-03-30 15:54:46.184394+00
991844b8-5924-4d16-8a20-dad69f9bd60c,a622ed67-7416-4ce4-82ac-df68cd775195,f50b0082-d68f-467e-9784-9f3aaf467fe5,28.6,-2.54,-5.29,3.05,1.62,-5.55,1.59,-18.62,19.94,50,-148.81,-162.98,-65.25,3743,2025-03-30 15:54:46.184394+00
9b88663e-ec04-4586-b5ad-1ce0373b758a,a622ed67-7416-4ce4-82ac-df68cd775195,f50b0082-d68f-467e-9784-9f3aaf467fe5,28.7,22.48,-15.38,9.83,0.69,-17.36,-5.39,31.44,34.5,10.94,-148.81,-162.98,-65.25,3744,2025-03-30 15:54:46.184394+00
57fa5698-656d-40a2-a2de-e8ac36c5f2ae,a622ed67-7416-4ce4-82ac-df68cd775195,f50b0082-d68f-467e-9784-9f3aaf467fe5,28.8,22.48,-15.38,9.83,-4.79,10.54,-5.18,31.44,34.5,10.94,-60.58,17.58,64.12,3744,2025-03-30 15:54:46.184394+00
ebe66ebc-a1e3-4947-b661-f7a0c82c2443,a622ed67-7416-4ce4-82ac-df68cd775195,f50b0082-d68f-467e-9784-9f3aaf467fe5,28.9,22.48,-15.38,9.83,4.56,25.53,4.02,10.88,40.81,-9.69,-60.58,17.58,64.12,3747,2025-03-30 15:54:46.184394+00
2c661ec5-2351-4c94-9b6a-150aeafbddb8,a622ed67-7416-4ce4-82ac-df68cd775195,f50b0082-d68f-467e-9784-9f3aaf467fe5,29,5.33,4.62,-3.84,-3.46,2.54,3.78,34.44,23.38,26.75,-113.2,110.81,-167.73,3745,2025-03-30 15:54:46.241138+00
e22fce4b-befe-4157-b4f5-31e6bfaaf05b,a622ed67-7416-4ce4-82ac-df68cd775195,f50b0082-d68f-467e-9784-9f3aaf467fe5,29.1,5.33,4.62,-3.84,-3.94,-4.49,2.44,34.44,23.38,26.75,-163.14,126.58,145.46,3745,2025-03-30 15:54:46.241138+00
27fcd095-dfb6-4ba9-8682-bb4b4a6d2262,a622ed67-7416-4ce4-82ac-df68cd775195,f50b0082-d68f-467e-9784-9f3aaf467fe5,29.2,5.33,4.62,-3.84,-4.62,-3.39,-0.84,34.44,23.38,26.75,126.52,98.18,94.02,3744,2025-03-30 15:54:46.241138+00
8d03663c-c37c-4bfd-a1fd-c92faf285a57,a622ed67-7416-4ce4-82ac-df68cd775195,f50b0082-d68f-467e-9784-9f3aaf467fe5,29.3,5.33,4.62,-3.84,-6.44,2.92,-14.97,28.19,36,3.25,-4.61,75.91,-12.71,3744,2025-03-30 15:54:46.241138+00
de5e735a-bffb-48b1-8848-67f6ac8088bd,a622ed67-7416-4ce4-82ac-df68cd775195,f50b0082-d68f-467e-9784-9f3aaf467fe5,29.4,5.33,4.62,-3.84,-5.22,3.01,-11.22,28.19,36,3.25,-105.33,150.32,-78.66,3743,2025-03-30 15:54:46.241138+00
eb65272f-d6c6-4bbd-a7f0-ca0aeef42d10,a622ed67-7416-4ce4-82ac-df68cd775195,f50b0082-d68f-467e-9784-9f3aaf467fe5,29.5,5.33,4.62,-3.84,-2.18,4.1,-7.87,28.19,36,3.25,-150.55,-121.7,-51.7,3747,2025-03-30 15:54:46.241138+00
8701e535-7607-4eca-af76-c218bbe444a9,a622ed67-7416-4ce4-82ac-df68cd775195,f50b0082-d68f-467e-9784-9f3aaf467fe5,29.6,5.33,4.62,-3.84,0.51,1.34,-2.92,28.19,36,3.25,103.62,-98.01,51.29,3747,2025-03-30 15:54:46.241138+00
7fc75155-3546-43b5-a95d-7403f8206a8e,a622ed67-7416-4ce4-82ac-df68cd775195,f50b0082-d68f-467e-9784-9f3aaf467fe5,29.7,5.33,4.62,-3.84,0.89,-1.47,1.58,28.19,36,3.25,89.48,-89.45,72.81,3747,2025-03-30 15:54:46.241138+00
8bfc598e-28d7-490b-b4a9-81f24e1db794,a622ed67-7416-4ce4-82ac-df68cd775195,f50b0082-d68f-467e-9784-9f3aaf467fe5,29.8,5.33,4.62,-3.84,0.84,-2.28,2.78,28.19,36,3.25,99.92,-98.04,65.54,3744,2025-03-30 15:54:46.241138+00
d63522e3-5f81-40a5-8138-566ec1cd1e0f,a622ed67-7416-4ce4-82ac-df68cd775195,f50b0082-d68f-467e-9784-9f3aaf467fe5,29.9,5.33,4.62,-3.84,0.47,-1.93,3.07,28.19,36,3.25,128.45,-108.95,37.08,3747,2025-03-30 15:54:46.241138+00
a9167b00-d5ef-4dfd-8ee8-97c9c81f463b,a622ed67-7416-4ce4-82ac-df68cd775195,f50b0082-d68f-467e-9784-9f3aaf467fe5,30,5.33,4.62,-3.84,0.52,-1.23,2.58,28.19,36,3.25,169.8,-120.52,-6.05,3743,2025-03-30 15:54:50.938527+00
07f9f027-a050-4fc0-8d6c-3de589ac19c0,a622ed67-7416-4ce4-82ac-df68cd775195,f50b0082-d68f-467e-9784-9f3aaf467fe5,30.1,5.33,4.62,-3.84,0.65,-0.1,2.04,28.19,36,3.25,-167.59,-132.69,-30.54,3744,2025-03-30 15:54:50.938527+00
a94538b0-64ce-42c3-852a-1c4ea72aa051,a622ed67-7416-4ce4-82ac-df68cd775195,f50b0082-d68f-467e-9784-9f3aaf467fe5,30.2,5.33,4.62,-3.84,0.64,0.57,0.98,28.19,36,3.25,-155.77,-139.08,-43.56,3744,2025-03-30 15:54:50.938527+00
257f31e3-ccc8-4d94-96a2-1433b103c2ae,a622ed67-7416-4ce4-82ac-df68cd775195,f50b0082-d68f-467e-9784-9f3aaf467fe5,30.3,5.33,4.62,-3.84,0.37,0.81,0.29,28.19,36,3.25,-147.94,-137.6,-51.37,3745,2025-03-30 15:54:50.938527+00
7dddab15-c245-4852-ae7d-a841cedb61b3,a622ed67-7416-4ce4-82ac-df68cd775195,f50b0082-d68f-467e-9784-9f3aaf467fe5,30.4,5.33,4.62,-3.84,0.22,-0.64,0.5,28.19,36,3.25,-142.63,-133.77,-56.41,3744,2025-03-30 15:54:50.938527+00
730230d7-bde1-4163-8f42-8edf72474c72,a622ed67-7416-4ce4-82ac-df68cd775195,f50b0082-d68f-467e-9784-9f3aaf467fe5,30.5,5.33,4.62,-3.84,0.01,-0.71,0.93,28.19,36,3.25,-140.02,-135.2,-58.56,3743,2025-03-30 15:54:50.938527+00
1e7781ba-7de8-4d9e-be00-f318bbbb7cf1,a622ed67-7416-4ce4-82ac-df68cd775195,f50b0082-d68f-467e-9784-9f3aaf467fe5,30.6,5.33,4.62,-3.84,-0.63,-0.29,1.76,28.19,36,3.25,-137.73,-138.91,-62.56,3744,2025-03-30 15:54:50.938527+00
58ea5124-4194-4808-9800-d1410dc70a3d,a622ed67-7416-4ce4-82ac-df68cd775195,f50b0082-d68f-467e-9784-9f3aaf467fe5,30.7,5.33,4.62,-3.84,-0.93,-5.07,3.05,28.19,36,3.25,-136.67,-144.97,-72.92,3741,2025-03-30 15:54:50.938527+00
ee2f5d49-a39f-43bd-94e9-c6700df3f113,a622ed67-7416-4ce4-82ac-df68cd775195,f50b0082-d68f-467e-9784-9f3aaf467fe5,30.8,5.33,4.62,-3.84,2.22,-9.19,0.12,28.19,36,3.25,-139.72,171.55,-71.46,3745,2025-03-30 15:54:50.938527+00
eacfd29a-ab5e-4351-ae44-9f19cc68af98,a622ed67-7416-4ce4-82ac-df68cd775195,f50b0082-d68f-467e-9784-9f3aaf467fe5,30.9,5.33,4.62,-3.84,-2.06,-20.57,-3.31,28.19,36,3.25,-89.14,89.06,-1.18,3744,2025-03-30 15:54:50.938527+00
5575987f-a557-4301-aa52-ec7f7c3151d2,a622ed67-7416-4ce4-82ac-df68cd775195,f50b0082-d68f-467e-9784-9f3aaf467fe5,31,5.33,4.62,-3.84,0.97,29.17,-6.62,28.19,36,3.25,-67.51,-10.93,68.18,3744,2025-03-30 15:54:51.067279+00
91bd1822-3407-4720-8b94-c45795f67ce7,a622ed67-7416-4ce4-82ac-df68cd775195,f50b0082-d68f-467e-9784-9f3aaf467fe5,31.1,5.33,4.62,-3.84,-0.97,16.21,6.21,28.19,36,3.25,-71.79,57.6,-79.18,3744,2025-03-30 15:54:51.067279+00
4179f9eb-66b2-477d-9748-bad18c50dd7f,a622ed67-7416-4ce4-82ac-df68cd775195,f50b0082-d68f-467e-9784-9f3aaf467fe5,31.2,5.33,4.62,-3.84,-3.45,-3.82,3.21,28.19,36,3.25,-146.18,135.8,162.2,3743,2025-03-30 15:54:51.067279+00
1d2d8755-0075-4542-8521-24d5b967218d,a622ed67-7416-4ce4-82ac-df68cd775195,f50b0082-d68f-467e-9784-9f3aaf467fe5,31.3,5.33,4.62,-3.84,-3.61,-5.01,1.68,28.19,36,3.25,178.8,115.15,142.4,3747,2025-03-30 15:54:51.067279+00
117821dd-a8f8-4844-88d0-a888cb13ec56,a622ed67-7416-4ce4-82ac-df68cd775195,f50b0082-d68f-467e-9784-9f3aaf467fe5,31.4,5.33,4.62,-3.84,-5.66,-0.9,-6.64,28.19,36,3.25,69.77,85.68,51.84,3747,2025-03-30 15:54:51.067279+00
bc6beae5-aa3b-4527-be37-c6de6750aa0c,a622ed67-7416-4ce4-82ac-df68cd775195,f50b0082-d68f-467e-9784-9f3aaf467fe5,31.5,5.33,4.62,-3.84,-4.8,3.43,-14.88,28.19,36,3.25,-86.18,87.56,-77.28,3745,2025-03-30 15:54:51.067279+00
c5412364-2300-419d-b1c0-93ec2e9c85ef,a622ed67-7416-4ce4-82ac-df68cd775195,f50b0082-d68f-467e-9784-9f3aaf467fe5,31.6,12.67,-32.11,-2.92,-4.69,0.19,-13.71,28.19,36,3.25,-121.81,-141.99,-71.27,3743,2025-03-30 15:54:51.067279+00
34261a0a-7eff-414b-bb7c-7356dfd58678,a622ed67-7416-4ce4-82ac-df68cd775195,f50b0082-d68f-467e-9784-9f3aaf467fe5,31.7,0.06,-17.36,-5.02,-3.49,3.13,-10.22,28.19,36,3.25,158.67,-113.05,0.53,3744,2025-03-30 15:54:51.067279+00
e38ff2d6-6ca8-4279-98d0-879a8db6a0ff,a622ed67-7416-4ce4-82ac-df68cd775195,f50b0082-d68f-467e-9784-9f3aaf467fe5,31.8,-7.95,-8.91,-1.52,-0.63,2.54,-5.36,28.19,36,3.25,95.89,-95.47,66.81,3743,2025-03-30 15:54:51.067279+00
d1993898-d33f-43d3-8924-a91a9e4a204f,a622ed67-7416-4ce4-82ac-df68cd775195,f50b0082-d68f-467e-9784-9f3aaf467fe5,31.9,-0.65,-2.82,-0.75,0.81,-0.52,0.26,28.19,36,3.25,96.39,-96.38,71.55,3743,2025-03-30 15:54:51.067279+00
22fb00d2-241b-4ef8-b11b-bdce08ef86aa,a622ed67-7416-4ce4-82ac-df68cd775195,f50b0082-d68f-467e-9784-9f3aaf467fe5,32,2.17,0.81,1.47,1.21,-2.23,2.62,28.19,36,3.25,119.14,-108.58,51.02,3741,2025-03-30 15:54:51.168623+00
65666e24-031d-4169-bc71-fad5624a822c,a622ed67-7416-4ce4-82ac-df68cd775195,f50b0082-d68f-467e-9784-9f3aaf467fe5,32.1,2.17,0.81,1.47,1.12,-2.7,2.82,28.19,36,3.25,156.31,-120.47,14.5,3744,2025-03-30 15:54:51.168623+00
626f278f-5976-4b51-9643-e854023bc1c8,a622ed67-7416-4ce4-82ac-df68cd775195,f50b0082-d68f-467e-9784-9f3aaf467fe5,32.2,2.17,0.81,1.47,0.7,-2.82,2.39,-48.75,-2.44,36.44,-178.23,-132.61,-11.86,3740,2025-03-30 15:54:51.168623+00
34b7cc67-062b-45bd-afa1-8dbd7fb6b970,a622ed67-7416-4ce4-82ac-df68cd775195,f50b0082-d68f-467e-9784-9f3aaf467fe5,32.3,2.17,0.81,1.47,0.2,0.99,1.7,-48.75,-2.44,36.44,-165.68,-131.99,-27.06,3743,2025-03-30 15:54:51.168623+00
b275ab5c-f1ba-4eb8-bb43-1da25ec7b74d,a622ed67-7416-4ce4-82ac-df68cd775195,f50b0082-d68f-467e-9784-9f3aaf467fe5,32.4,2.17,0.81,1.47,0.08,-0.88,1.31,-48.75,-2.44,36.44,-159.32,-136.57,-35.7,3743,2025-03-30 15:54:51.168623+00
8717f30c-6fd1-4d11-a2bd-d396d29a1aae,a622ed67-7416-4ce4-82ac-df68cd775195,f50b0082-d68f-467e-9784-9f3aaf467fe5,32.5,2.17,0.81,1.47,0.41,0.47,1.04,-48.75,-2.44,36.44,-151.41,-134.98,-44.43,3741,2025-03-30 15:54:51.168623+00
7c32dc14-4366-4a89-afef-6d97ffef9b30,a622ed67-7416-4ce4-82ac-df68cd775195,f50b0082-d68f-467e-9784-9f3aaf467fe5,32.6,-3.54,3.57,-3.55,0.41,0.94,0.54,-48.75,-2.44,36.44,-142.03,-129.02,-52.71,3743,2025-03-30 15:54:51.168623+00
4449ce44-3efe-4326-9cf5-abe672841104,a622ed67-7416-4ce4-82ac-df68cd775195,f50b0082-d68f-467e-9784-9f3aaf467fe5,32.7,-3.54,3.57,-3.55,-0.06,0.75,1.29,-50.56,15.38,29.56,-142.03,-129.02,-52.71,3744,2025-03-30 15:54:51.168623+00
994ad9a3-81b2-41ac-a291-711abb36a2d9,a622ed67-7416-4ce4-82ac-df68cd775195,f50b0082-d68f-467e-9784-9f3aaf467fe5,32.8,-5.72,4.25,-1.43,-0.55,-0.15,2.3,-48.56,22,22.44,-142.03,-129.02,-52.71,3744,2025-03-30 15:54:51.168623+00
eb5d8597-f5f9-49b2-98de-ace001047b69,a622ed67-7416-4ce4-82ac-df68cd775195,f50b0082-d68f-467e-9784-9f3aaf467fe5,32.9,-7.79,0.61,0.94,-0.14,-19.17,2.71,-42.38,28.81,25.56,-142.03,-129.02,-52.71,3744,2025-03-30 15:54:51.168623+00
bdb35f22-efdc-4214-8952-edea280d6e16,a622ed67-7416-4ce4-82ac-df68cd775195,f50b0082-d68f-467e-9784-9f3aaf467fe5,33,14.3,-2.14,-15.48,1.93,-11.74,-1.37,13.31,40.38,25.81,-142.03,-129.02,-52.71,3744,2025-03-30 15:54:51.261184+00
235d3248-231a-489d-98a4-9f37e517988c,a622ed67-7416-4ce4-82ac-df68cd775195,f50b0082-d68f-467e-9784-9f3aaf467fe5,33.1,14.3,-2.14,-15.48,-2.59,-6.88,-3.93,13.31,40.38,25.81,-75.7,59.56,29.78,3744,2025-03-30 15:54:51.261184+00
8e80b946-c492-4315-a30e-0eb9f4fc45fa,a622ed67-7416-4ce4-82ac-df68cd775195,f50b0082-d68f-467e-9784-9f3aaf467fe5,33.2,-25.77,-6.1,1.89,5.16,34.74,-1.68,-9.44,41.06,-12.5,-75.7,59.56,29.78,3743,2025-03-30 15:54:51.261184+00
1f1c4db6-1fa5-4e64-a043-f2065e1d75dd,a622ed67-7416-4ce4-82ac-df68cd775195,f50b0082-d68f-467e-9784-9f3aaf467fe5,33.3,-25.77,-6.1,1.89,-3.17,6.17,4.44,-9.44,41.06,-12.5,-93.29,93.26,-127.87,3743,2025-03-30 15:54:51.261184+00
2d64c111-f541-408a-a109-28bd8b45e915,a622ed67-7416-4ce4-82ac-df68cd775195,f50b0082-d68f-467e-9784-9f3aaf467fe5,33.4,-25.77,-6.1,1.89,-3.56,-3.72,2.2,43.88,5,17.12,-159.75,129.72,157.48,3744,2025-03-30 15:54:51.261184+00
bd40898f-42fc-4c4b-a2c4-b4810bff7ece,a622ed67-7416-4ce4-82ac-df68cd775195,f50b0082-d68f-467e-9784-9f3aaf467fe5,33.5,-25.77,-6.1,1.89,-4.11,-2.98,-0.69,43.88,5,17.12,154.51,104.23,128.76,3744,2025-03-30 15:54:51.261184+00
822fb78a-0467-4c5d-81ec-cb7a20e9a9fe,a622ed67-7416-4ce4-82ac-df68cd775195,f50b0082-d68f-467e-9784-9f3aaf467fe5,33.6,-25.77,-6.1,1.89,-5.87,3.63,-12.61,43.88,5,17.12,-1.77,82.57,-5.72,3745,2025-03-30 15:54:51.261184+00
50b50046-568c-407e-be98-b8960a3463cd,a622ed67-7416-4ce4-82ac-df68cd775195,f50b0082-d68f-467e-9784-9f3aaf467fe5,33.7,-25.77,-6.1,1.89,-4.34,2.86,-10.77,43.88,5,17.12,-104.18,123.48,-80.96,3743,2025-03-30 15:54:51.261184+00
cd1aa689-c0d8-4e49-ad07-6f36030d30a2,a622ed67-7416-4ce4-82ac-df68cd775195,f50b0082-d68f-467e-9784-9f3aaf467fe5,33.8,-25.77,-6.1,1.89,-2.15,3.94,-8.04,43.88,5,17.12,-132.63,-125.44,-61.74,3744,2025-03-30 15:54:51.261184+00
6b846f4f-47a6-438b-a062-3b2f5ee47a6e,a622ed67-7416-4ce4-82ac-df68cd775195,f50b0082-d68f-467e-9784-9f3aaf467fe5,33.9,-25.77,-6.1,1.89,-0.33,1.88,-4.14,43.88,5,17.12,134.56,-104.42,26.71,3744,2025-03-30 15:54:51.261184+00
469ce7ee-6ada-4c52-b363-790cee83ab3c,a622ed67-7416-4ce4-82ac-df68cd775195,f50b0082-d68f-467e-9784-9f3aaf467fe5,34,-25.77,-6.1,1.89,0.38,-0.01,0.04,43.88,5,17.12,94.41,-93.47,68.88,3744,2025-03-30 15:54:51.349579+00
a6e2e533-76d3-4f00-8d8d-a8fd9395425a,a622ed67-7416-4ce4-82ac-df68cd775195,f50b0082-d68f-467e-9784-9f3aaf467fe5,34.1,-25.77,-6.1,1.89,0.72,-1.79,1.97,43.88,5,17.12,97.53,-96.02,67.47,3744,2025-03-30 15:54:51.349579+00
5795144b-823b-4f8c-9aa1-6a2152847966,a622ed67-7416-4ce4-82ac-df68cd775195,f50b0082-d68f-467e-9784-9f3aaf467fe5,34.2,-25.77,-6.1,1.89,0.88,-2.05,2.45,43.88,5,17.12,120.07,-107,45.02,3744,2025-03-30 15:54:51.349579+00
939e58b0-32d8-4235-8b3b-409e3e2805a0,a622ed67-7416-4ce4-82ac-df68cd775195,f50b0082-d68f-467e-9784-9f3aaf467fe5,34.3,-25.77,-6.1,1.89,0.74,-0.89,1.88,43.88,5,17.12,155,-117.66,10.89,3747,2025-03-30 15:54:51.349579+00
e7d15462-f9a4-4811-80b9-d5dd23e442fa,a622ed67-7416-4ce4-82ac-df68cd775195,f50b0082-d68f-467e-9784-9f3aaf467fe5,34.4,-25.77,-6.1,1.89,0.63,-1.76,1.4,43.88,5,17.12,178.87,-125.06,-11.92,3744,2025-03-30 15:54:51.349579+00
cdfcb6b9-1b3e-4858-a6d5-beefd50a691d,a622ed67-7416-4ce4-82ac-df68cd775195,f50b0082-d68f-467e-9784-9f3aaf467fe5,34.5,-25.77,-6.1,1.89,0.7,-1.53,1.26,43.88,5,17.12,-169.22,-135.02,-22.65,3744,2025-03-30 15:54:51.349579+00
35d1f789-cbb2-4c7b-85b6-b85c41e50922,a622ed67-7416-4ce4-82ac-df68cd775195,f50b0082-d68f-467e-9784-9f3aaf467fe5,34.6,-25.77,-6.1,1.89,1.09,-0.43,1.22,43.88,5,17.12,-161.29,-144.86,-28.65,3748,2025-03-30 15:54:51.349579+00
2aaca465-a320-415d-bc15-18a775c09921,a622ed67-7416-4ce4-82ac-df68cd775195,f50b0082-d68f-467e-9784-9f3aaf467fe5,34.7,-25.77,-6.1,1.89,0.91,0.82,1.19,43.88,5,17.12,-151.65,-147.36,-35.29,3745,2025-03-30 15:54:51.349579+00
fb8808c1-c8cb-453e-a12f-a1c61fc28797,a622ed67-7416-4ce4-82ac-df68cd775195,f50b0082-d68f-467e-9784-9f3aaf467fe5,34.8,-25.77,-6.1,1.89,0.48,1.91,0.39,43.88,5,17.12,-142.89,-146.08,-42.45,3747,2025-03-30 15:54:51.349579+00
56091f25-ec97-4c02-a326-4fe2ed300bc0,a622ed67-7416-4ce4-82ac-df68cd775195,f50b0082-d68f-467e-9784-9f3aaf467fe5,34.9,-25.77,-6.1,1.89,-0.35,-0.57,0.61,43.88,5,17.12,-137.26,-141.34,-48.66,3745,2025-03-30 15:54:51.349579+00
96f0c3a7-d93e-431d-b3a9-f5404376fa35,a622ed67-7416-4ce4-82ac-df68cd775195,f50b0082-d68f-467e-9784-9f3aaf467fe5,35,-25.77,-6.1,1.89,-1.75,-1.24,0.97,43.88,5,17.12,-136.52,170.28,-44.49,3745,2025-03-30 15:54:55.271763+00
aa439daf-bc24-4dbf-b43e-b5fb8cc9749b,a622ed67-7416-4ce4-82ac-df68cd775195,f50b0082-d68f-467e-9784-9f3aaf467fe5,35.1,-25.77,-6.1,1.89,-1.75,-1.58,1.79,43.88,5,17.12,-145.9,158.32,-42.7,3745,2025-03-30 15:54:55.271763+00
5d67ea57-7b1e-46d4-ae7e-b0f61e3ae397,a622ed67-7416-4ce4-82ac-df68cd775195,f50b0082-d68f-467e-9784-9f3aaf467fe5,35.2,-25.77,-6.1,1.89,0.72,-8.18,0.12,43.88,5,17.12,-151.16,129.04,-39.05,3743,2025-03-30 15:54:55.271763+00
2ed206f3-d06d-4088-a20a-8b7f6c70919b,a622ed67-7416-4ce4-82ac-df68cd775195,f50b0082-d68f-467e-9784-9f3aaf467fe5,35.3,-25.77,-6.1,1.89,-0.47,0.97,-2.29,43.88,5,17.12,-89.87,89.95,24.87,3744,2025-03-30 15:54:55.271763+00
c8f2029b-6685-48bb-a6fe-e4592c58dfbf,a622ed67-7416-4ce4-82ac-df68cd775195,f50b0082-d68f-467e-9784-9f3aaf467fe5,35.4,-25.77,-6.1,1.89,-0.82,-6.84,-2.92,43.88,5,17.12,-90.35,90.22,26.89,3744,2025-03-30 15:54:55.271763+00
2c4fde69-87f1-4e88-856d-48eda5217a89,a622ed67-7416-4ce4-82ac-df68cd775195,f50b0082-d68f-467e-9784-9f3aaf467fe5,35.5,-25.77,-6.1,1.89,-2.93,-9.24,-1.22,43.88,5,17.12,-63.8,54.65,71.25,3745,2025-03-30 15:54:55.271763+00
853e7b69-dc5f-475a-9578-b278efe1231e,a622ed67-7416-4ce4-82ac-df68cd775195,f50b0082-d68f-467e-9784-9f3aaf467fe5,35.6,-25.77,-6.1,1.89,-2.94,-9.68,2.32,43.88,5,17.12,-68.01,6.55,117.51,3744,2025-03-30 15:54:55.271763+00
d539a41d-3d82-4285-8c99-01231abd15df,a622ed67-7416-4ce4-82ac-df68cd775195,f50b0082-d68f-467e-9784-9f3aaf467fe5,35.7,-25.77,-6.1,1.89,0.27,-6.43,4.94,43.88,5,17.12,-84.47,29.06,173.48,3743,2025-03-30 15:54:55.271763+00
8bd1a9ee-87f3-40df-8d03-a10cb18af45c,a622ed67-7416-4ce4-82ac-df68cd775195,f50b0082-d68f-467e-9784-9f3aaf467fe5,35.8,-25.77,-6.1,1.89,-1.1,-0.61,4.35,43.88,5,17.12,-79.58,70.86,-153.15,3745,2025-03-30 15:54:55.271763+00
edad4661-8d2b-46db-9422-253774dece77,a622ed67-7416-4ce4-82ac-df68cd775195,f50b0082-d68f-467e-9784-9f3aaf467fe5,35.9,11.95,-3.37,-2.24,-1.27,-0.5,4.09,43.88,5,17.12,-82.24,83.84,-148.25,3741,2025-03-30 15:54:55.271763+00
df738530-b5ca-487b-97e0-0fcbcc1e0f78,a622ed67-7416-4ce4-82ac-df68cd775195,f50b0082-d68f-467e-9784-9f3aaf467fe5,36,11.95,-3.37,-2.24,-1.53,-0.03,0.77,43.88,5,17.12,-81.29,85,-135.13,3741,2025-03-30 15:54:55.321869+00
7f2efda5-2445-4049-aa5d-b828a6cfd8d9,a622ed67-7416-4ce4-82ac-df68cd775195,f50b0082-d68f-467e-9784-9f3aaf467fe5,36.1,3.16,-3.35,3.21,-1.46,-0.09,0.74,43.88,5,17.12,-71.72,81.07,-144.22,3740,2025-03-30 15:54:55.321869+00
60aceeec-ca80-451f-8fb6-c609de96b882,a622ed67-7416-4ce4-82ac-df68cd775195,f50b0082-d68f-467e-9784-9f3aaf467fe5,36.2,2.22,-3.33,3.87,-0.91,0.22,0.46,43.88,5,17.12,-73.48,82.88,-149.57,3741,2025-03-30 15:54:55.321869+00
09bbbfa2-21e5-4c8f-bb4c-5122da0107e4,a622ed67-7416-4ce4-82ac-df68cd775195,f50b0082-d68f-467e-9784-9f3aaf467fe5,36.3,2.22,-3.33,3.87,-0.52,0.44,0.18,30.81,17.75,-28.25,-81.66,86.64,-155.06,3743,2025-03-30 15:54:55.321869+00
98a0e969-9c35-4afb-a01b-bd9b6a5cd865,a622ed67-7416-4ce4-82ac-df68cd775195,f50b0082-d68f-467e-9784-9f3aaf467fe5,36.4,2.22,-3.33,3.87,-0.18,-0.28,0.38,32.75,16.38,-29.62,-79.75,86.23,-151.77,3740,2025-03-30 15:54:55.321869+00
1b643ea5-44f4-4ab2-bbe5-a8e0c3850e9f,a622ed67-7416-4ce4-82ac-df68cd775195,f50b0082-d68f-467e-9784-9f3aaf467fe5,36.5,5.58,1.18,5.1,-0.18,0.56,0.53,32.75,16.38,-29.62,-88.22,89.45,-159.63,3741,2025-03-30 15:54:55.321869+00
08aed7f0-43ca-4c83-9126-451b0daf521a,a622ed67-7416-4ce4-82ac-df68cd775195,f50b0082-d68f-467e-9784-9f3aaf467fe5,36.6,5.58,1.18,5.1,-0.26,1.27,0.04,32.75,16.38,-29.62,-113.81,97.51,175.07,3743,2025-03-30 15:54:55.321869+00
64ea2e8c-79a5-450d-97d0-d2372f7f7afa,a622ed67-7416-4ce4-82ac-df68cd775195,f50b0082-d68f-467e-9784-9f3aaf467fe5,36.7,5.58,1.18,5.1,-0.08,0.32,-0.51,32.75,16.38,-29.62,-117.78,100.39,171.42,3743,2025-03-30 15:54:55.321869+00
c9465906-f9fd-400a-bd87-4624a407cfdc,a622ed67-7416-4ce4-82ac-df68cd775195,f50b0082-d68f-467e-9784-9f3aaf467fe5,36.8,5.58,1.18,5.1,0.03,-0.46,-0.52,32.75,16.38,-29.62,-109.03,98.1,-179.5,3743,2025-03-30 15:54:55.321869+00
5efa9a8c-8233-4917-96d3-0fbf1e248e7e,a622ed67-7416-4ce4-82ac-df68cd775195,f50b0082-d68f-467e-9784-9f3aaf467fe5,36.9,5.58,1.18,5.1,0.28,0.06,0.09,32.75,16.38,-29.62,-103.98,96.34,-174.77,3743,2025-03-30 15:54:55.321869+00
b39c76a8-8058-4a98-b915-74ee4689c2ce,a622ed67-7416-4ce4-82ac-df68cd775195,f50b0082-d68f-467e-9784-9f3aaf467fe5,37,-0.04,0.36,3.26,0.28,0.06,0.09,35.69,19.62,-22.62,-103.98,96.34,-174.77,3728,2025-03-30 15:54:55.378962+00
f3ae88b0-92dc-4748-b503-e060c2dc77be,a622ed67-7416-4ce4-82ac-df68cd775195,f50b0082-d68f-467e-9784-9f3aaf467fe5,37.1,1.54,0.62,0.92,0.43,-0.23,0.15,36.19,16.5,-24.06,-100,94.28,-174.71,3741,2025-03-30 15:54:55.378962+00
817177f7-29a0-4c9e-969f-1d48e16e8034,a622ed67-7416-4ce4-82ac-df68cd775195,f50b0082-d68f-467e-9784-9f3aaf467fe5,37.2,1.54,0.62,0.92,0.32,0.33,0.08,36.19,16.5,-24.06,-96.62,92.73,-174.04,3744,2025-03-30 15:54:55.378962+00
df9e9d8a-b280-46b4-a7e1-058fd96ef114,a622ed67-7416-4ce4-82ac-df68cd775195,f50b0082-d68f-467e-9784-9f3aaf467fe5,37.3,0.86,0.58,0.19,0.25,0.17,0.12,36.88,15.5,-23.25,-96.62,92.73,-174.04,3745,2025-03-30 15:54:55.378962+00
eaa6df5a-10d6-419f-8728-fe97408ea3ec,a622ed67-7416-4ce4-82ac-df68cd775195,f50b0082-d68f-467e-9784-9f3aaf467fe5,37.4,0.66,0.44,0.39,0.14,0.1,0.12,37.25,13.81,-23.31,-96.62,92.73,-174.04,3743,2025-03-30 15:54:55.378962+00
51358989-a123-465d-9cad-bc48aabbda90,a622ed67-7416-4ce4-82ac-df68cd775195,f50b0082-d68f-467e-9784-9f3aaf467fe5,37.5,0.66,0.44,0.39,0.03,-0.04,0.03,38.62,13.88,-22.19,-96.62,92.73,-174.04,3743,2025-03-30 15:54:55.378962+00
f6c6c129-b766-4cee-9f61-ca1a03f116fa,a622ed67-7416-4ce4-82ac-df68cd775195,f50b0082-d68f-467e-9784-9f3aaf467fe5,37.6,1.51,0.41,0.11,-0.09,0.07,-0.02,37.88,13.81,-22.56,-96.62,92.73,-174.04,3744,2025-03-30 15:54:55.378962+00
2c17daf4-b397-41bd-9991-ed939f3dafda,a622ed67-7416-4ce4-82ac-df68cd775195,f50b0082-d68f-467e-9784-9f3aaf467fe5,37.7,1.51,0.41,0.11,-0.14,0.09,0.01,37.88,13.81,-22.56,-98.72,93.35,178.93,3743,2025-03-30 15:54:55.378962+00
44145d30-8ea8-488b-b58d-b159e4d1f15b,a622ed67-7416-4ce4-82ac-df68cd775195,f50b0082-d68f-467e-9784-9f3aaf467fe5,37.8,1.51,0.41,0.11,-0.15,-0.12,0.02,38.88,13.88,-20.5,-98.72,93.35,178.93,3745,2025-03-30 15:54:55.378962+00
95e254cb-206b-4128-a966-299cab0f3678,a622ed67-7416-4ce4-82ac-df68cd775195,f50b0082-d68f-467e-9784-9f3aaf467fe5,37.9,1.51,0.41,0.11,-0.14,-0.02,0.03,39,14.19,-22.56,-98.45,93.21,-179.24,3745,2025-03-30 15:54:55.378962+00
6a4f2ef8-a39f-434c-87a6-5bef3d4ef456,a622ed67-7416-4ce4-82ac-df68cd775195,f50b0082-d68f-467e-9784-9f3aaf467fe5,38,1.51,0.41,0.11,-0.08,-0.1,0.05,37.5,14.19,-22.12,-98.04,93.02,-178.13,3744,2025-03-30 15:54:55.42459+00
8ab6d4cf-957f-43af-ab79-85129e2cde5c,a622ed67-7416-4ce4-82ac-df68cd775195,f50b0082-d68f-467e-9784-9f3aaf467fe5,38.1,1.51,0.41,0.11,-0.07,0.15,0.04,37.5,14.19,-22.12,-94.34,91.6,-174.05,3743,2025-03-30 15:54:55.42459+00
f695e791-e0a5-460d-aaa8-ed21c750334d,a622ed67-7416-4ce4-82ac-df68cd775195,f50b0082-d68f-467e-9784-9f3aaf467fe5,38.2,1.51,0.41,0.11,0.01,0.06,0.01,37.5,14.19,-22.12,-94.8,91.76,-174.37,3743,2025-03-30 15:54:55.42459+00
06d8d30a-d17f-4f3e-8a45-cb62fa00762e,a622ed67-7416-4ce4-82ac-df68cd775195,f50b0082-d68f-467e-9784-9f3aaf467fe5,38.3,1.51,0.41,0.11,0.06,0,-0.03,37.5,14.19,-22.12,-94.09,91.49,-173.86,3744,2025-03-30 15:54:55.42459+00
a8824564-6e5d-43f2-a0be-1041d5afb82e,a622ed67-7416-4ce4-82ac-df68cd775195,f50b0082-d68f-467e-9784-9f3aaf467fe5,38.4,1.51,0.41,0.11,0.09,0,-0.03,37.5,14.19,-22.12,-92.42,90.89,-172.61,3743,2025-03-30 15:54:55.42459+00
5c98d713-26c1-400d-bfb7-d291a1deb27e,a622ed67-7416-4ce4-82ac-df68cd775195,f50b0082-d68f-467e-9784-9f3aaf467fe5,38.5,1.51,0.41,0.11,0.08,-0.02,-0.03,37.5,14.19,-22.12,-90.7,90.26,-171.45,3744,2025-03-30 15:54:55.42459+00
bed93333-da1f-4606-b601-4a26aea44e98,a622ed67-7416-4ce4-82ac-df68cd775195,f50b0082-d68f-467e-9784-9f3aaf467fe5,38.6,1.51,0.41,0.11,0.02,0.03,-0.05,37.5,14.19,-22.12,-88.93,89.6,-170.1,3744,2025-03-30 15:54:55.42459+00
492f199f-a94d-4efc-9852-3a0b019f245a,a622ed67-7416-4ce4-82ac-df68cd775195,f50b0082-d68f-467e-9784-9f3aaf467fe5,38.7,1.51,0.41,0.11,-0.03,-0.08,-0.02,37.5,14.19,-22.12,-86.57,88.69,-167.98,3743,2025-03-30 15:54:55.42459+00
5cdca667-1119-47dd-9fdf-1ebcb4bc23b6,a622ed67-7416-4ce4-82ac-df68cd775195,f50b0082-d68f-467e-9784-9f3aaf467fe5,38.8,1.51,0.41,0.11,-0.06,0.03,0.02,37.5,14.19,-22.12,-84.48,87.87,-165.76,3744,2025-03-30 15:54:55.42459+00
97f43426-c043-4957-bc6d-676f8d078a83,a622ed67-7416-4ce4-82ac-df68cd775195,f50b0082-d68f-467e-9784-9f3aaf467fe5,38.9,1.51,0.41,0.11,-0.03,-0.06,0.03,37.5,14.19,-22.12,-84.07,87.71,-165.1,3744,2025-03-30 15:54:55.42459+00
6a05d6fe-e293-4ca6-b6ac-99ecb66857ca,a622ed67-7416-4ce4-82ac-df68cd775195,f50b0082-d68f-467e-9784-9f3aaf467fe5,39,1.51,0.41,0.11,-0.02,0.05,0.06,37.5,14.19,-22.12,-82.61,87.16,-163.46,3744,2025-03-30 15:54:55.46983+00
13ac6bb1-8222-4001-ac63-e27e6c23e4be,a622ed67-7416-4ce4-82ac-df68cd775195,f50b0082-d68f-467e-9784-9f3aaf467fe5,39.1,1.51,0.41,0.11,-0.02,0.04,0.04,37.5,14.19,-22.12,-81.85,86.92,-162.65,3743,2025-03-30 15:54:55.46983+00
31457df5-81d9-48fb-b0b6-b837ac871222,a622ed67-7416-4ce4-82ac-df68cd775195,f50b0082-d68f-467e-9784-9f3aaf467fe5,39.2,1.51,0.41,0.11,-0.02,0.04,0.01,37.5,14.19,-22.12,-81.35,86.76,-162.06,3745,2025-03-30 15:54:55.46983+00